url,playlistName,saves
https://open.spotify.com/playlist/5DVUEqRL1EV8I9n65eBaAw,sad songs to cry out to üò≠,"165,438 saves"
https://open.spotify.com/playlist/4uf0gphPVNtk4Uu0bxtdGA,Acoustic Covers 2024 (Top 100),"300,902 saves"
https://open.spotify.com/playlist/1gpieiLrFEDBqKZ9kHVc90,James Arthur melhores ‚ù£Ô∏èüé∂,"13,537 saves"
https://open.spotify.com/playlist/37i9dQZF1DX1ngEVM0lKrb,Pop Internacional 2024,"672,825 saves"
https://open.spotify.com/playlist/6EjwG58sVXTjqTVgPBzwoW,James Arthur ü§ó,"8,599 saves"
https://open.spotify.com/playlist/2zrH75nfqPyy1QGQrCSlmA,lovee ‚ô•Ô∏è,"33,244 saves"
https://open.spotify.com/playlist/1Ayv3KBdJwWTnG28iGsAYj,James Arthur Playlist,"3,664 saves"
https://open.spotify.com/playlist/4AO6oKCkkkC5SXZoak13S5,sad galau brutal üò¢,"23,926 saves"
https://open.spotify.com/playlist/3mt7YKTwDZI4xoehun3uFQ,pov: breakdown malala pota,"145,206 saves"
https://open.spotify.com/playlist/2JtMCwq7aSoxf4EACEqZL9,LAGU INGGRIS SAD VIBESü§ç‚ú®,"75,058 saves"
https://open.spotify.com/playlist/4kZ5vf6eD8GfF4aRfvjF5j,LAGU TIKTOK VIRAL 2024 - Lagu inggris TikTok - Hot Hits Indonesia TikTok Hits Lagu Viral TikTok FYP,"63,492 saves"
https://open.spotify.com/playlist/7stJJVvNTQ7o9fZOoqKW24,Sad vibes tiktok 2024 üéµ,"113,895 saves"
https://open.spotify.com/playlist/3eRDrCYLPbpbrK6xdw8AyO,inggris tiktok viral song,"46,573 saves"
https://open.spotify.com/playlist/32fmHQIVPJvrvaSw4i1OTR,musicas triste em ingl√™s para sofrer sem entender nada,"41,456 saves"
https://open.spotify.com/playlist/6P98cP6nMIlk4AWB4wPMJf,LOUNGE MUSIC 2024,"998,382 saves"
https://open.spotify.com/playlist/1wTf3PgBefW4tOmj2eDtGm,Mode Sad ML,"8,127 saves"
https://open.spotify.com/playlist/7ruRiMsFDd8eWnqLBfpUkY,James Arthur - Tour Setlist 2024,"3,022 saves"
https://open.spotify.com/playlist/5irzXdNeeKc0Dg3UK4Ww6n,Sad songs everyone knows üò¢üéµ,"59,090 saves"
https://open.spotify.com/playlist/2nzVCXza1cHdl0jk7vmdNQ,tiktok music - tiktok hits 2024,"105,404 saves"
https://open.spotify.com/playlist/61VZ7ZWnpXS6idfynGbU8d,GALAU BRUTALü§°ü§°,"51,000 saves"
https://open.spotify.com/playlist/6yYA6aUGp8qUTgQWWYkPkP,crying myself to sleep üò¢ sad songs,"422,492 saves"
https://open.spotify.com/playlist/1ai10axqhUX88pDiGVZEer,Summer Mix 2024 üå¥ Beach Vibes 2024,"147,794 saves"
https://open.spotify.com/playlist/6tSugmKKNj6KlZuj268M5M,"""CALON TARUNA""","39,027 saves"
https://open.spotify.com/playlist/2CMcLwYip2nL0urcHWawOB,Sad songs for the boys,"16,255 saves"
https://open.spotify.com/playlist/5hOH3HcnQon0lWreL9Tfwx,NANGIS AMPE MATA BENGKAK üò≠,"223,949 saves"
https://open.spotify.com/playlist/37i9dQZF1DX4Umko6nOmN7,Lugnt & Sk√∂nt,"620,853 saves"
https://open.spotify.com/playlist/1mfuKA5qmOUWvOvMhN5rA4,Kumpulan lagu barat yang enak didengar,"6,126 saves"
https://open.spotify.com/playlist/3BnhVf03cMI7vvJnbaVcpv,Lagu Sad Inggris+Indonesia fyp tiktok,"18,745 saves"
url,playlistName,saves
https://open.spotify.com/playlist/37i9dQZF1DXd9zR7tdziuQ,Hits ac√∫sticos,"934,813 saves"
https://open.spotify.com/playlist/37i9dQZF1DZ06evO0uzdNC,This Is Daniela Andrade,"22,090 saves"
https://open.spotify.com/playlist/37i9dQZF1DX8Yh4s5ZlkHg,sexy indie,"134,027 saves"
https://open.spotify.com/playlist/5fPDWsuu7rjLdrfLkJP0mm,Best Acoustic Covers,"9,048 saves"
https://open.spotify.com/playlist/5sY9v4pg7jEFLHyIjLNrdY,The Best Acoustic Covers,"33,834 saves"
https://open.spotify.com/playlist/37i9dQZF1DWXnscMH24yOc,Chill Covers,"475,171 saves"
https://open.spotify.com/playlist/5OhXxa4OZwYrFm6RZQeUq7,Jazz & Chill Out,"75,049 saves"
https://open.spotify.com/playlist/5fx6w1GfSskFf5ZXGwIUIn,The Umbrella Academy: Complete Playlist,"299,177 saves"
https://open.spotify.com/playlist/37i9dQZF1DWUMu4FjR9Tt6,The Umbrella Academy Official Playlist,"455,818 saves"
https://open.spotify.com/playlist/4Xv7w5RBLUz71sSzIs4C6b,Acoustic Covers of Popular Songs,"232,110 saves"
https://open.spotify.com/playlist/2il9jPknfKPfeDd9xLn45R,KARLA KLEIN,"1,976 saves"
https://open.spotify.com/playlist/1W4MJnIbcTpp1e6PCs61Fx,Yabancƒ± Akustik Cover,"3,320 saves"
https://open.spotify.com/playlist/1dQd6O8L7hbledTPzpiwc4,slow bgt kak cocok buat tidurmu,"13,251 saves"
https://open.spotify.com/playlist/6qCepYC8r9LdGpB8v6DnSg,Matin tranquille ‚òÄÔ∏è,"4,992 saves"
https://open.spotify.com/playlist/37i9dQZF1DXa3NnZWk6Z3T,Caf√© con Leche,"613,945 saves"
https://open.spotify.com/playlist/74uae2DikCkiZesCSv5cbH,Relaxing music for kids,"5,213 saves"
https://open.spotify.com/playlist/5sMfgeII8qGOwcgxfqqDaM,Relax In the Bath,"84,466 saves"
https://open.spotify.com/playlist/37i9dQZF1DX2UQ1I1FrJsu,Wine Bar,"80,136 saves"
https://open.spotify.com/playlist/6XcpGfuYtCpTPSKzpsuPON,La Vie En Rose Playlist,"17,827 saves"
https://open.spotify.com/playlist/4OCojqiyTEKI3h3ytHPBah,Suits Soundtrack (Best of),"15,629 saves"
https://open.spotify.com/playlist/37i9dQZF1DX3Z99viCDp7Q,Wedding Songs,"231,628 saves"
https://open.spotify.com/playlist/37i9dQZF1DX5DfG8gQdC3F,New Music Friday Canada,"532,756 saves"
https://open.spotify.com/playlist/0P9fph64Qdy3qeZ1Hk59cy,Bossa Nova Love Songs,"38,019 saves"
https://open.spotify.com/playlist/35KKay5P6Mbx5fX8wbZphg,Acoustic 90s chill,"27,813 saves"
https://open.spotify.com/playlist/37i9dQZF1DZ06evO4lTxTj,This Is Dabin,"4,376 saves"
https://open.spotify.com/playlist/1bn6O6UpKiAV8veD4aCY9A,capek sama hidup.,"13,642 saves"
https://open.spotify.com/playlist/3EaPTrOxf9AjjMaISNskVM,Internacional mais famosas ‚ù§,"2,222 saves"
https://open.spotify.com/playlist/3XF957ddALWqbfXkbNsP5l,Ac√∫stico Relax 2024 üéß,"70,614 saves"
https://open.spotify.com/playlist/37i9dQZF1DXb67OkZ6150Z,Indie Covers,"294,087 saves"
https://open.spotify.com/playlist/1DWrn2Cm6FrNlxUcrge5NU,soft love songs I‚Äôm falling asleep to,"20,350 saves"
https://open.spotify.com/playlist/491zthVOXH5iLr3oU4fgGj,Best of Post Modern Jukebox,"14,056 saves"
https://open.spotify.com/playlist/37i9dQZF1DXb83YJL7gTWj,Chill Dinner,"258,327 saves"
https://open.spotify.com/playlist/37i9dQZF1DWWWvWJNPeyJE,Sexy R&B,"313,453 saves"
https://open.spotify.com/playlist/4pPwSDrCYWXEOYrtwx3l2n,BEST OLD SONGS OF ALL TIME,"66,575 saves"
https://open.spotify.com/playlist/1B2mlHh8EcRTVdeSXwnEUV,Acoustic covers (cafe music),"5,445 saves"
https://open.spotify.com/playlist/5kQFzamfESAMOtldJujaQP,Evening jazz and some wine,"14,330 saves"
https://open.spotify.com/playlist/0yPhA5kLWhYy5e98f1OaBY,Musique sensuelle et romantique,"1,514 saves"url,playlistName,saves
https://open.spotify.com/playlist/66T0T0YbYTBn49GAlN00Pk,Music Travel Love - Acoustic Covers,"151,978 saves"
https://open.spotify.com/playlist/7JNdQ3PaAwmyXXEn8xsJdm,MUSIC TRAVEL LOVE (ALL SONG - LATEST 2023),"27,176 saves"
https://open.spotify.com/playlist/1F4SkGrLM2IIux7TSoSGY7,ACOUSTIC CHILL NIGHTS,"12,468 saves"
https://open.spotify.com/playlist/6R289Js63LzdasMGQfATub,RELAXING ACCOUSTIC LOVE SONG,"8,834 saves"
https://open.spotify.com/playlist/4uf0gphPVNtk4Uu0bxtdGA,Acoustic Covers 2024 (Top 100),"300,907 saves"
https://open.spotify.com/playlist/4iusWhNcTjPeuS3s2EiWC2,Music Travel Love All Songs,"23,656 saves"
https://open.spotify.com/playlist/3Oo3JGJB19q5h29mkneh6A,MUSIC TRAVEL LOVE 2024 etc,"3,723 saves"
https://open.spotify.com/playlist/7jK3FgdGYAT9yYt0QLvDvF,Best Covers of Popular Songs 2024 (Best Music Hits Cover),"7,937 saves"
https://open.spotify.com/playlist/0kUx21t2ih7CXKcBSiKUUu,LAGU AKUSTIK PENGHANTAR TIDUR FULL ALBUM 2024,"6,427 saves"
https://open.spotify.com/playlist/7McPQuVMMGsJKJMD3fQBn7,Music Travel Love & Friends,"2,332 saves"
https://open.spotify.com/playlist/4Xv7w5RBLUz71sSzIs4C6b,Acoustic Covers of Popular Songs,"232,111 saves"
https://open.spotify.com/playlist/55brwLVawmA8dFRbz3IUrv,MUSIC TRAVEL LOVE PLAYLIST,"2,164 saves"
https://open.spotify.com/playlist/1YvrTMoQkao1I0J4Nf7XJF,Acoustic Covers (THE BEST EVER ACOUSTIC),"92,070 saves"
https://open.spotify.com/playlist/3BDhPznXtsrH42cZaT06aH,Best of Music Travel Love,"1,597 saves"
https://open.spotify.com/playlist/292W0wyPIZ8KYpHHMZZXsU,LAGU AKUSTIK SANTAI FULL ALBUM 2024 - AKUSTIK CAFE SANTAI TERBARU 2024,"9,781 saves"
https://open.spotify.com/playlist/37i9dQZF1DWVroJq360LRh,Acoustic Pilates,"126,195 saves"
https://open.spotify.com/playlist/3Vr7msL72Ykh8u90xE6UvQ,"Acoustic 2023 Covers, Acoustic Hits, Guitar Music","2,088 saves"
https://open.spotify.com/playlist/37i9dQZF1DWWiuGVvOB4uo,Cozy Coffeehouse Covers,"361,882 saves"
https://open.spotify.com/playlist/4JkHwyNzcVageq6krMDBpE,Sheridan Brass,"1,869 saves"
https://open.spotify.com/playlist/0epIcP6sQFCJ0vGy04p0Ec,Moffats Music Travel Love,"3,368 saves"
https://open.spotify.com/playlist/5WmC1Vah7YniaeJM2472OR,Music Travel Love Playlist,"9,782 saves"
https://open.spotify.com/playlist/7xq6lPeQuvY6VGXPLDSysH,Music Travel Love,"11,749 saves"
https://open.spotify.com/playlist/3XF957ddALWqbfXkbNsP5l,Ac√∫stico Relax 2024 üéß,"70,614 saves"
https://open.spotify.com/playlist/37i9dQZF1DWYiR2Uqcon0X,Country Coffeehouse,"725,247 saves"
https://open.spotify.com/playlist/1psglfUcodGqGc790u2z7h,#MusicTravelLove,"11,717 saves"
https://open.spotify.com/playlist/5knz5YbHiAcqt0q3LeDMBm,BEST OLD SONG COVERS,"6,729 saves"
https://open.spotify.com/playlist/37i9dQZF1DZ06evO4ucjQp,This Is Michael Learns To Rock,"79,676 saves"
https://open.spotify.com/playlist/37i9dQZF1DX4psg7TSYpot,Summer Chill,"136,009 saves"
https://open.spotify.com/playlist/5pRS1P19Q2ocpxr7icQnAW,LAGU AKUSTIK HITS BARAT,"1,794 saves"
https://open.spotify.com/playlist/37i9dQZF1DX7FiQUm1UvSn,Stretching,"112,179 saves"
https://open.spotify.com/playlist/6psV1GOzLBdREi4onJp2ps,Francis Greg Playlist,"3,143 saves"
https://open.spotify.com/playlist/7HnJRdxTm6SRcH5lafJsMn,MOFFATS ACOUSTICS,"7,138 saves"url,playlistName,saves
https://open.spotify.com/playlist/0KyZxKzUpl7tH5Xh8JjUOu,BUGOY DRILON PLAYLIST,"3,247 saves"
https://open.spotify.com/playlist/37i9dQZF1DZ06evO084MN4,This Is Bugoy Drilon,"3,113 saves"
https://open.spotify.com/playlist/5X0eFhXeSrSdjvrbEyMqpx,"Daryl Ong, Michael Pangilinan, Bugoy, Kris Lawrence, Jay-R","11,355 saves"
https://open.spotify.com/playlist/1RatVZEeiZzC7P785mVeWS,OPM 2000s(Batang 90s),"331,868 saves"
https://open.spotify.com/playlist/3GYqQKXelPCVWk4UwhRGed,OPM Best Pinoy Pampatulog Songs,"1,094 saves"
https://open.spotify.com/playlist/2uwLDIRFWIvN1hdPUZPANy,Best of Wish 107.5: EXCLUSIVE!!!,"19,900 saves"
https://open.spotify.com/playlist/7JsgrSMhC6EftAABGHmRuf,Bugoy drilon songs,"5,811 saves"
https://open.spotify.com/playlist/4QjrVn817TYJxKrMEAmnxw,love radio playlist 90.7,"6,921 saves"
https://open.spotify.com/playlist/2HQodcFcR2B6Id3ogNiJDD,pamatay puso/masasakit na kanta/filipino love songs,"8,380 saves"
https://open.spotify.com/playlist/2fCtbPwuHUYxrVU2s0VD1w,"Old OPM (Rockstar, April Boys, Renz Verano, etc.) (Tagalog Songs)","5,210 saves"
https://open.spotify.com/playlist/7k9PaZO3HthSwuKLA7cFop,Pinoy Rnb 2024 üíú,"15,182 saves"
https://open.spotify.com/playlist/0EtIZaoKfLgFOPCcVBpjMD,Wala Na Talaga,"1,019 saves"
https://open.spotify.com/playlist/51pNMfyjK9Hso2TMbykyDb,Classic OPM Love Songs,"50,398 saves"
https://open.spotify.com/playlist/37i9dQZF1DWVjrTQlvqTHF,New Music Friday Philippines,"674,509 saves"
https://open.spotify.com/playlist/0MtffEhgBRV7piWfFhaArL,TAGALOG SLEEPY SONGS,"1,381 saves"
https://open.spotify.com/playlist/3dR8oyDSUecUMm7tMikEQ8,Tagalog love songs 90‚Äôs20‚Äô,"4,454 saves"
https://open.spotify.com/playlist/3egYP01N0wgkvAZyRyIp21,Pamatay puso Tagalog love songs compilation 2020-pamatay puso hugot..,"10,711 saves"
https://open.spotify.com/playlist/6FKF7HFsw8tgIavrfN2dHv,OPM Heartbreaking Songs,"3,093 saves"
https://open.spotify.com/playlist/226ME4IN6iTYkp2feXRq25,"Nina,MYMP, Freestyle,kyla, south border","76,180 saves"
https://open.spotify.com/playlist/64dlWewkcz0xo6aby3VJhR,RAPSTAR - Flow G,"3,867 saves"
https://open.spotify.com/playlist/2L7WygGgx74QpESJJwTQih,"hanggang sa huli, palagi","1,252 saves"
https://open.spotify.com/playlist/26qkpK6WCxDQAAo39IgcaD,pinoy songs 2010 - 2016,"14,863 saves"
https://open.spotify.com/playlist/1DPCU9lRJLtFTScSm9TgXw,Pinoy Hugot Songs 2024 üò≠,"29,364 saves"
https://open.spotify.com/playlist/5Q6O4EUFK4hCqInVjdsAsr,90's tagalog love song,"5,534 saves"
https://open.spotify.com/playlist/4iMve9EexOaKNXE6D689UZ,OPM Sad Songs 2024 üò¢,"23,123 saves"
url,playlistName,saves
https://open.spotify.com/playlist/4uf0gphPVNtk4Uu0bxtdGA,Acoustic Covers 2024 (Top 100),"300,912 saves"
https://open.spotify.com/playlist/0JTZ9k6LOpdUkMtEAK8Oer,quiet coffee morning,"15,042 saves"
https://open.spotify.com/playlist/37i9dQZF1DXd9zR7tdziuQ,Hits ac√∫sticos,"934,819 saves"
https://open.spotify.com/playlist/37i9dQZF1DWYiR2Uqcon0X,Country Coffeehouse,"725,250 saves"
https://open.spotify.com/playlist/5Av6VbvC17372uc3UP1GPn,Whoa-hoa-hoa-hoa-hoa season,"29,728 saves"
https://open.spotify.com/playlist/37i9dQZF1DXcjpPPxCzYRE,Relax en casa,"405,880 saves"
https://open.spotify.com/playlist/3rXzNZZeRMZEFEwlQjl1tE,Wedding Songs üíç,"118,147 saves"
https://open.spotify.com/playlist/37i9dQZF1DX0611i4oGheJ,Soft & Slow,"453,653 saves"
https://open.spotify.com/playlist/72CtON9Gl1rS2Hvk6ktPhA,Breakfast & Coffe Music 2024,"49,440 saves"
https://open.spotify.com/playlist/79a86h0CeTF1sW8vpONSw9,Twilight Saga - Complete Soundtrack,"462,364 saves"
https://open.spotify.com/playlist/12vj6nTcnOnc6qdrr6R6Xj,Crep√∫sculo - m√∫sicas da saga,"81,385 saves"
https://open.spotify.com/playlist/7dH5BChboIDJ9Zp5IUk18E,Starbucks Coffeehouse - acoustic coffeehouse,"15,724 saves"
https://open.spotify.com/playlist/71vnnbslUNfNBuSrjm9krQ,cozy rainy day vibes,"13,459 saves"
https://open.spotify.com/playlist/7pcwl7pxlG14JJGv0KzxAp,Covers (that are better than the originals),"28,860 saves"
https://open.spotify.com/playlist/37i9dQZF1DX1j96SzHv3js,Morgenkaffe,"235,814 saves"
https://open.spotify.com/playlist/37i9dQZF1DX7rFF5HEchjS,twilight vibes,"234,673 saves"
https://open.spotify.com/playlist/4Xv7w5RBLUz71sSzIs4C6b,Acoustic Covers of Popular Songs,"232,114 saves"
https://open.spotify.com/playlist/37i9dQZF1DXaUDcU6KDCj4,Fresh Folk,"804,721 saves"
https://open.spotify.com/playlist/3tVWNtaJpCKHlQuElSZALa,crep√∫sculo soundtrack,"9,454 saves"
https://open.spotify.com/playlist/7vlFZEU9lXqmDXNxwrv7xD,Best Modern Folk Music,"9,056 saves"
https://open.spotify.com/playlist/5y1ZMJk71DTt4qkbpPiacw,Saturday Morning Coffee,"1,658 saves"
https://open.spotify.com/playlist/37i9dQZF1DX6cFbK8tUIPC,pumpkin spice,"438,772 saves"
https://open.spotify.com/playlist/37i9dQZF1DZ06evO1189jO,This Is Calexico,"11,106 saves"
https://open.spotify.com/playlist/5fPDWsuu7rjLdrfLkJP0mm,Best Acoustic Covers,"9,048 saves"
https://open.spotify.com/playlist/1URfoVZ0TuxvwulPDIuSfv,Best Acoustic Guitar Songs,"66,276 saves"
https://open.spotify.com/playlist/3LJIKHX4Gs8OCoWpaCzzc7,Top 100 Best Acoustic Songs Ever !!!,"3,550 saves"
https://open.spotify.com/playlist/37i9dQZF1DWXnscMH24yOc,Chill Covers,"475,174 saves"
url,playlistName,saves
https://open.spotify.com/playlist/3Lc7JP5PlGIoFA9mgtTMyX,You Are My Sunshine 1 hour,"5,524 saves"
https://open.spotify.com/playlist/4uf0gphPVNtk4Uu0bxtdGA,Acoustic Covers 2024 (Top 100),"301,021 saves"
https://open.spotify.com/playlist/37i9dQZF1DZ06evO4yAxRC,This Is Christina Perri,"77,339 saves"
https://open.spotify.com/playlist/79a86h0CeTF1sW8vpONSw9,Twilight Saga - Complete Soundtrack,"462,433 saves"
https://open.spotify.com/playlist/5DVUEqRL1EV8I9n65eBaAw,sad songs to cry out to üò≠,"165,731 saves"
https://open.spotify.com/playlist/32fmHQIVPJvrvaSw4i1OTR,musicas triste em ingl√™s para sofrer sem entender nada,"41,485 saves"
https://open.spotify.com/playlist/37i9dQZF1DXdTIvz6bRLvq,Songs That Made Us Cry in 2023,"418,464 saves"
https://open.spotify.com/playlist/3rXzNZZeRMZEFEwlQjl1tE,Wedding Songs üíç,"118,208 saves"
https://open.spotify.com/playlist/4Xwv0G0uD9WK6YCyq7MKw7,Las 100 Mejores Canciones Pop en Ingles,"86,536 saves"
https://open.spotify.com/playlist/6j4w1woXd7xzGCNQoKrpY9,2000s Pop Hit Throwback,"144,382 saves"
https://open.spotify.com/playlist/37i9dQZF1DX17ZtCXQuwXM,Working From Home,"189,338 saves"
https://open.spotify.com/playlist/37i9dQZF1DWVTfbQdQ8l7H,10s Love Songs,"593,783 saves"
https://open.spotify.com/playlist/43eWkIiNDbimyD35iong1G,Wedding Songs 2024,"119,785 saves"
https://open.spotify.com/playlist/37i9dQZF1DXb1k22OmK8oq,Love Goals,"119,604 saves"
https://open.spotify.com/playlist/1aAfBj4Bl4bRtNziAiz7qa,m√∫sicas pra dormir...üí§,"13,389 saves"
https://open.spotify.com/playlist/6SHYyQ6avNEWd5ckDZUsac,Christina Perri lullabies,"1,226 saves"
https://open.spotify.com/playlist/5iOYQhk8g9AVYXSKlmzpFH,BELTING SONGS,"102,895 saves"
https://open.spotify.com/playlist/4lPRuMr4rYgT1Efo5JxWEE,As 100 Melhores Rom√¢nticas Internacionais,"167,344 saves"
https://open.spotify.com/playlist/2nzVCXza1cHdl0jk7vmdNQ,tiktok music - tiktok hits 2024,"105,444 saves"
https://open.spotify.com/playlist/6oNsYDhN95gkENsdFcAwTh,100 BEST LOVE SONGS OF ALL TIME,"101,358 saves"
https://open.spotify.com/playlist/6bBdWFYToQKVOIKvTOgb4K,M√∫sicas para aprender ingl√©s Facil,"22,542 saves"
https://open.spotify.com/playlist/37i9dQZF1DX15JKV0q7shD,Classics For Crying,"191,902 saves"
https://open.spotify.com/playlist/37i9dQZF1DWWbVYL1LBbVy,10 Years of Heartache,"806,835 saves"url,playlistName,saves
https://open.spotify.com/playlist/4uf0gphPVNtk4Uu0bxtdGA,Acoustic Covers 2024 (Top 100),"301,022 saves"
https://open.spotify.com/playlist/0JTZ9k6LOpdUkMtEAK8Oer,quiet coffee morning,"15,050 saves"
https://open.spotify.com/playlist/37i9dQZF1DXd9zR7tdziuQ,Hits ac√∫sticos,"934,834 saves"
https://open.spotify.com/playlist/37i9dQZF1DWYiR2Uqcon0X,Country Coffeehouse,"725,265 saves"
https://open.spotify.com/playlist/5Av6VbvC17372uc3UP1GPn,Whoa-hoa-hoa-hoa-hoa season,"29,992 saves"
https://open.spotify.com/playlist/37i9dQZF1DXcjpPPxCzYRE,Relax en casa,"405,896 saves"
https://open.spotify.com/playlist/3rXzNZZeRMZEFEwlQjl1tE,Wedding Songs üíç,"118,209 saves"
https://open.spotify.com/playlist/37i9dQZF1DX0611i4oGheJ,Soft & Slow,"453,694 saves"
https://open.spotify.com/playlist/72CtON9Gl1rS2Hvk6ktPhA,Breakfast & Coffe Music 2024,"49,454 saves"
https://open.spotify.com/playlist/79a86h0CeTF1sW8vpONSw9,Twilight Saga - Complete Soundtrack,"462,433 saves"
https://open.spotify.com/playlist/12vj6nTcnOnc6qdrr6R6Xj,Crep√∫sculo - m√∫sicas da saga,"81,415 saves"
https://open.spotify.com/playlist/7dH5BChboIDJ9Zp5IUk18E,Starbucks Coffeehouse - acoustic coffeehouse,"15,736 saves"
https://open.spotify.com/playlist/71vnnbslUNfNBuSrjm9krQ,cozy rainy day vibes,"13,484 saves"
https://open.spotify.com/playlist/7pcwl7pxlG14JJGv0KzxAp,Covers (that are better than the originals),"28,914 saves"
https://open.spotify.com/playlist/37i9dQZF1DX1j96SzHv3js,Morgenkaffe,"235,821 saves"
https://open.spotify.com/playlist/37i9dQZF1DX7rFF5HEchjS,twilight vibes,"234,708 saves"
https://open.spotify.com/playlist/4Xv7w5RBLUz71sSzIs4C6b,Acoustic Covers of Popular Songs,"232,164 saves"
https://open.spotify.com/playlist/37i9dQZF1DXaUDcU6KDCj4,Fresh Folk,"804,796 saves"
https://open.spotify.com/playlist/3tVWNtaJpCKHlQuElSZALa,crep√∫sculo soundtrack,"9,463 saves"
https://open.spotify.com/playlist/7vlFZEU9lXqmDXNxwrv7xD,Best Modern Folk Music,"9,063 saves"
https://open.spotify.com/playlist/5y1ZMJk71DTt4qkbpPiacw,Saturday Morning Coffee,"1,672 saves"
https://open.spotify.com/playlist/37i9dQZF1DX6cFbK8tUIPC,pumpkin spice,"438,973 saves"
https://open.spotify.com/playlist/37i9dQZF1DZ06evO1189jO,This Is Calexico,"11,106 saves"
https://open.spotify.com/playlist/5fPDWsuu7rjLdrfLkJP0mm,Best Acoustic Covers,"9,065 saves"
https://open.spotify.com/playlist/1URfoVZ0TuxvwulPDIuSfv,Best Acoustic Guitar Songs,"66,314 saves"
https://open.spotify.com/playlist/3LJIKHX4Gs8OCoWpaCzzc7,Top 100 Best Acoustic Songs Ever !!!,"3,569 saves"
https://open.spotify.com/playlist/37i9dQZF1DWXnscMH24yOc,Chill Covers,"475,208 saves"url,playlistName,saves
https://open.spotify.com/playlist/37i9dQZF1DXd9zR7tdziuQ,Hits ac√∫sticos,"934,835 saves"
https://open.spotify.com/playlist/37i9dQZF1DWXRvPx3nttRN,Feel Good Acoustic,"544,594 saves"
https://open.spotify.com/playlist/1YvrTMoQkao1I0J4Nf7XJF,Acoustic Covers (THE BEST EVER ACOUSTIC),"92,091 saves"
https://open.spotify.com/playlist/37i9dQZF1DXcgZcN2HVMoe,Morning Coffee,"340,442 saves"
https://open.spotify.com/playlist/3XF957ddALWqbfXkbNsP5l,Ac√∫stico Relax 2024 üéß,"70,625 saves"
https://open.spotify.com/playlist/37i9dQZF1DWXzhlHao91lq,Ëä±Ëçâ‰∏ãÂçàËå∂,"72,538 saves"
https://open.spotify.com/playlist/37i9dQZF1DX4INov2FfpME,Caf√© & M√∫sica,"40,674 saves"
https://open.spotify.com/playlist/37i9dQZF1DXa2PsvJSPnPf,Front Porch,"225,668 saves"
https://open.spotify.com/playlist/6qW4I14uyZ2IzMBUmiGDff,Spooky Banjo Time,"133,100 saves"
https://open.spotify.com/playlist/7cnYAxVTD9xKsSapuLvTdp,Acoustic Covers Of Old Songs üë¥üèº,"40,978 saves"
https://open.spotify.com/playlist/3pXHQVVCm4L52H0sT0VwF3,Coffee Shop Acoustic Covers,"3,932 saves"
https://open.spotify.com/playlist/37i9dQZF1DZ06evO3DZkHW,This Is Noah Guthrie,"3,101 saves"
https://open.spotify.com/playlist/0yPhA5kLWhYy5e98f1OaBY,Musique sensuelle et romantique,"1,520 saves"
https://open.spotify.com/playlist/45gvuvXfuFtA1cWRH9D5LL,M√∫sica para restaurante - 2024,"1,453 saves"
https://open.spotify.com/playlist/71GffX5acHb3NonTIoN1Ch,Country Covers of Popular Songs,"14,149 saves"
https://open.spotify.com/playlist/3ZbwJEubmpOpsOQ06x32d5,Wedding Songs Acoustic Covers,"41,981 saves"
https://open.spotify.com/playlist/0Nkl7AsoMTgyVT8UoOF0nJ,Love Song Acoustic Covers,"4,748 saves"
https://open.spotify.com/playlist/6yUVrortJBAvNRFwE5GmbM,West Coast Swing‚ú® 2024,"9,606 saves"
https://open.spotify.com/playlist/37i9dQZF1DWWGRfB2jBjnV,Akustiskt,"188,090 saves"
https://open.spotify.com/playlist/21VdxvwtP49IjC8f2uIQX0,Taylor Swift Acoustic Covers,"3,390 saves"
https://open.spotify.com/playlist/0q0Qa0kov54ebgM7uk3kJp,Funeral Songs to Celebrate Life,"6,722 saves"
https://open.spotify.com/playlist/1V0Rc3Z7iisvR6y2TZ3yyM,Postmodern Jukebox,"51,203 saves"
https://open.spotify.com/playlist/2loQogSVQwhIB4Wj7tN6gi,COVERS FAMOSOS,"1,160 saves"
https://open.spotify.com/playlist/5nwzMNwrAWiLAbI4TIglPC,Acoustic Versions,"42,688 saves"
https://open.spotify.com/playlist/7oTYeLhSYfVxYKw6z64P4d,Hochzeitsmusik Hintergrundmusik,"1,426 saves"
https://open.spotify.com/playlist/0DXoY83tBvgWkd8QH49yAI,Acoustic Lounge - Chillout & Easy Listening Acoustic Playlist,"318,198 saves"
https://open.spotify.com/playlist/5uuMDtAftZNqYU3mwdk0Cf,"HOUSE, M.D.","6,307 saves"
https://open.spotify.com/playlist/5WhkwKN1HRivA6Zb8IfsIh,Acoustic Jazz Covers,"1,789 saves"
https://open.spotify.com/playlist/1rJ9F6Ww8QAwES8fC7FJk2,Coors & Coke Whores,"11,975 saves"
https://open.spotify.com/playlist/37i9dQZF1DWYCTsyhNdNao,Akustista tunnelmointia,"18,181 saves"
https://open.spotify.com/playlist/3bQV5riPR1t0KVzrTmmcjh,CLEAN Acoustic Covers,"1,315 saves"
https://open.spotify.com/playlist/6LP2PaSuIK0nEugS8xw0Bl,2024 BEST OF ACOUSTIC SONGS ‚ù§Ô∏è,"1,490 saves"url,playlistName,saves
https://open.spotify.com/playlist/1CnDCN10TJZjw6K2H3gNRv,Hits 2024 üî• üî• Aktuelle Charts und die besten Songs 2024 üîù üôå,"37,634 saves"
https://open.spotify.com/playlist/0x1JwnJC2VlsXSZs87F6TZ,Sommer Hits 2024 üåû Summer 2024 üå¥,"22,914 saves"
https://open.spotify.com/playlist/54YvEWG6zDGlv6bsIBKDkk,Retail Store | Upbeat Pop Hits 2024 (CLEAN) üõçÔ∏è,"1,776 saves"
https://open.spotify.com/playlist/7ng7KAIFo8PVtQP1L8z2aU,Broken songs üíî - English,"9,166 saves"
https://open.spotify.com/playlist/37i9dQZF1DX4IDaXtVjL83,K-Pop X-Overs,"500,049 saves"
https://open.spotify.com/playlist/52BZIYMOjwKIRneN6CSNJX,deprie liederüíîüò≠üñïüèª,"5,809 saves"
https://open.spotify.com/playlist/37i9dQZF1DZ06evO08jUtQ,This Is JUNNY,"9,687 saves"
https://open.spotify.com/playlist/7jihjwYiwCEk0d01qovn74,Summer Jams,"40,630 saves"
https://open.spotify.com/playlist/127rFNYmrIt6aoYnhyuPQ0,Mellow Music 2024,"5,195 saves"
https://open.spotify.com/playlist/14rfnn4uJHjP0nLxSd86I6,Sommer Party 2024 üå¥ üåû Die gr√∂√üten Sommer Hits üî•,"5,210 saves"
https://open.spotify.com/playlist/17FYLnX3EIyEQHF8lXVUso,Summer Hits 2024 üòé Sommer 2024 üåû,"1,429 saves"
https://open.spotify.com/playlist/2SZSJMQDizNlFNpZiXHcmz,Coole Lieder 2024‚ô•Ô∏è,"1,805 saves"
https://open.spotify.com/playlist/45MuL4iwdk313dQpwon6tG,"F-R-I-E-N-D-S, we're just friendsüòâ","2,645 saves"
https://open.spotify.com/playlist/5Lupgkit3ICw6kXunUBKIs,KPOP ÈüìÊ®ÇÈÄ£Á∑ö,"1,868 saves"
https://open.spotify.com/playlist/2EU7Ry7ALDojqLAU7t4XHA,Radio Hits 2024 üìª Top Charts 2024 üî•,"1,367 saves"
https://open.spotify.com/playlist/3ZOOsxXdSAhhnSrqeUm5wg,Top Charts 2024 üîù die gr√∂√üten Hits des Jahres üî•,"3,982 saves"
https://open.spotify.com/playlist/5mT9nfLXxLHNTCd4gAaxkH,üî• Clean Rap 2024,"61,936 saves"
https://open.spotify.com/playlist/2bo30JtA5r5ndL08T9WpwD,Euphoric Pop Waves,"5,664 saves"
https://open.spotify.com/playlist/37i9dQZF1DWWGRfB2jBjnV,Akustiskt,"188,090 saves"
https://open.spotify.com/playlist/3a8GXexOPbZwgFtHz8f0On,Charts 2024 | Top Radio Hits üî•,"3,350 saves"
https://open.spotify.com/playlist/0RppZmVqZa3TWeLIUNEpKs,playful jolly pop,"3,090 saves"
https://open.spotify.com/playlist/0rU7XOI8qMFVPfsxbbNyPQ,Best Car Songs ‚ö° English ‚ö°,"3,642 saves"
https://open.spotify.com/playlist/6eArCWF1nRXupS9ysmla0W,Coeur bris√© et rupture üíî Chansons tristes pour c√©libataire | Saint Valentin,"7,538 saves"
https://open.spotify.com/playlist/7ld7q89dE5etlqq60XTiVy,BEST ENGLISH SONGS - The Biggest and Hottest English Hits,"752,681 saves"
https://open.spotify.com/playlist/6E2Qk6T57tYHmWHWXb6sgf,Triplexrider,"43,137 saves"
https://open.spotify.com/playlist/072UZvU1bCF21hM7mpFAzk,pop songs to make you feel alive,"2,545 saves"
https://open.spotify.com/playlist/0hhaX1DV9fA2QYzY50Vjqm,Good Morning Vibes‚òÄÔ∏è,"3,652 saves"
https://open.spotify.com/playlist/0W0aGbjpBMlNupJ86ccnjU,Indie Rock House Party,"3,330 saves"

url,playlistName,saves
https://open.spotify.com/playlist/4uf0gphPVNtk4Uu0bxtdGA,Acoustic Covers 2024 (Top 100),"301,025 saves"
https://open.spotify.com/playlist/71ItaT026SReGSBNOaCbT1,Giant Rooks Complete,"43,640 saves"
https://open.spotify.com/playlist/37i9dQZF1DWWM6GBnxtToT,Feelgood Indie,"591,209 saves"
https://open.spotify.com/playlist/2BOO7ks020eyXAMntKL0FH,Giant Rooks setlist 2024,"4,351 saves"
https://open.spotify.com/playlist/37i9dQZF1DZ06evO1agkzS,This Is AnnenMayKantereit,"231,024 saves"
https://open.spotify.com/playlist/37i9dQZF1DX2ogDiL6nZJr,Van Life,"801,001 saves"
https://open.spotify.com/playlist/4joFgpQoxW1G8MMNw9LlsS,Gilmore Girls Soundtrack ‚òïÔ∏è,"43,487 saves"
https://open.spotify.com/playlist/6sZMtnTlPf1TJzdMWpnEwK,Tom's Diner - AnnenMayKantereit Giant Rooks And I look the other way As they are kissing their hello,"3,360 saves"
https://open.spotify.com/playlist/37i9dQZF1DX8ttEdg9VJHO,Feelgood Pop,"353,953 saves"
https://open.spotify.com/playlist/37i9dQZF1DWUCQ155jGb0U,Rock Me,"511,366 saves"
https://open.spotify.com/playlist/7oKfi7K8WUOetawBJGuUNV,Clean Work Playlist (90s-2023) original üòé,"23,409 saves"
https://open.spotify.com/playlist/37i9dQZF1DWVw7c2MHvocy,Easy Listening,"450,187 saves"
https://open.spotify.com/playlist/37i9dQZF1DX4HvY8T59VN2,Chilled Indie,"73,481 saves"
https://open.spotify.com/playlist/4e7NjPzqQCDtDKeUxPehr0,Best of AnnenMayKantereit,"6,534 saves"
https://open.spotify.com/playlist/131wVohjHrpv3U321ZzFzD,Playlist Bonne humeur üåû | Hits feel good,"33,448 saves"
https://open.spotify.com/playlist/37i9dQZF1DWUxUko6rcfsK,Beautiful Day,"164,738 saves"
https://open.spotify.com/playlist/74Cf34ZVKeYeVf2uDkVsta,Van Life Vibes üåÖ üöê üóª,"5,346 saves"
https://open.spotify.com/playlist/37i9dQZF1DWYJeWl6ior4d,Indie Klassiker,"328,255 saves"
https://open.spotify.com/playlist/4ddslfKP5u4dpiZ0X2LT64,Fr√ºhst√ºcksmusik ü•ê‚òï Guten Morgen Kaffee | Fr√∂hliches Fr√ºhst√ºcken | Entspannter Brunch,"29,604 saves"
https://open.spotify.com/playlist/6TFbirie0XHH2rEe3XGamP,San Hejmo - Mainstage 2024,"1,195 saves"
https://open.spotify.com/playlist/3ptI7N629xlMJIXBXpwz04,AnnenMayKantereit - Complete - All albums,"118,261 saves"
https://open.spotify.com/playlist/49hZwzAaW8HLfbpWfgdBSC,San Hejmo 2024,"1,254 saves"
https://open.spotify.com/playlist/37i9dQZF1DXatFAWyNT5ad,Pop Rock,"142,420 saves"
https://open.spotify.com/playlist/4BqHEwD6DW9EDkI9wL007p,Surf Music üèÑ Surfer Music | Surf Vibes | Surfer Music,"25,058 saves"
https://open.spotify.com/playlist/6TvutItQch5ry84ppTRPWN,Matin motiv√© ! ‚òÄÔ∏è‚òÄÔ∏è R√©veil de bonne humeur,"22,781 saves"
https://open.spotify.com/playlist/37i9dQZF1DXb67OkZ6150Z,Indie Covers,"294,096 saves"
https://open.spotify.com/playlist/6CNB75i72XThFTsj3gsIay,Remix Tubes c√©l√®bres,"1,257 saves"
https://open.spotify.com/playlist/2ksQi3L1Q8G0pd6q1P78Et,deutscher indie sommer,"3,363 saves"url,playlistName,saves
https://open.spotify.com/playlist/0u2Hs0cVrAcTNgckIRuDvW,BOYCE AVENUE | GREATEST HITS,"62,064 saves"
https://open.spotify.com/playlist/6R62rBNXWmdiXMjCsDKKy9,Boyce Avenue - Best acoustic covers,"30,714 saves"
https://open.spotify.com/playlist/4XkMSl1R3f7WsNeTZgrxv5,Boyce Avenue - Acoustic Covers,"435,748 saves"
https://open.spotify.com/playlist/1XgDvTWxoscSf45eKmIZlq,BEST COVERS (EVER),"109,606 saves"
https://open.spotify.com/playlist/4uf0gphPVNtk4Uu0bxtdGA,Acoustic Covers 2024 (Top 100),"301,026 saves"
https://open.spotify.com/playlist/21pLY1i03M1W0X02h1veh0,boyce avenue as melhores,"23,423 saves"
https://open.spotify.com/playlist/1YvrTMoQkao1I0J4Nf7XJF,Acoustic Covers (THE BEST EVER ACOUSTIC),"92,094 saves"
https://open.spotify.com/playlist/1F4SkGrLM2IIux7TSoSGY7,ACOUSTIC CHILL NIGHTS,"12,474 saves"
https://open.spotify.com/playlist/1OYMaKrJehY6X288NEr27l,Boyce Avenue Cover Favs - 2024,"4,498 saves"
https://open.spotify.com/playlist/6R289Js63LzdasMGQfATub,RELAXING ACCOUSTIC LOVE SONG,"8,858 saves"
https://open.spotify.com/playlist/4zTKuTEOaMy0DonHU7a9DR,Most Old Beautiful Love Songs of 70's 80's 90's - Best Romantic Love Songs,"30,761 saves"
https://open.spotify.com/playlist/4Xv7w5RBLUz71sSzIs4C6b,Acoustic Covers of Popular Songs,"232,168 saves"
https://open.spotify.com/playlist/4ARhwf75lsNra3UD9KIYPy,Acoustic Hits 2024,"59,427 saves"
https://open.spotify.com/playlist/35qDTrkqVpmCow4M9v5xEH,Boyce Avenue - As Melhores (Romantics),"2,407 saves"
https://open.spotify.com/playlist/3XF957ddALWqbfXkbNsP5l,Ac√∫stico Relax 2024 üéß,"70,629 saves"
https://open.spotify.com/playlist/37i9dQZF1DWWiuGVvOB4uo,Cozy Coffeehouse Covers,"361,943 saves"
https://open.spotify.com/playlist/72CtON9Gl1rS2Hvk6ktPhA,Breakfast & Coffe Music 2024,"49,455 saves"
https://open.spotify.com/playlist/1aAfBj4Bl4bRtNziAiz7qa,m√∫sicas pra dormir...üí§,"13,392 saves"
https://open.spotify.com/playlist/5fPDWsuu7rjLdrfLkJP0mm,Best Acoustic Covers,"9,066 saves"
https://open.spotify.com/playlist/2NSrUOLDu72A2m2KCt4FUj,M√∫sica tranquila para estar en casa,"3,811 saves"
https://open.spotify.com/playlist/1VixFQxf9thAJBdES0yE7k,M√öSICAS ROM√ÇNTICAS ‚ù§Ô∏è | musicas apaixonadas | musica p dia dos namorados | dia dos namorados | love,"9,120 saves"
https://open.spotify.com/playlist/6pG4dEq2cyk07V884OykxU,Mejores Covers Ac√∫sticos en ingl√©s,"3,932 saves"
https://open.spotify.com/playlist/0hVZHbORddSFzwH2wv31rY,Raining in Manila - chillax lang,"13,420 saves"
https://open.spotify.com/playlist/0yRmFDs8sV7qreUOa8Krm0,M√∫sicas para Cl√≠nica Est√©tica,"7,933 saves"
https://open.spotify.com/playlist/6WFNMDow9htQ9fIf36do6f,M√∫sica para cl√≠nica | Atendimentos,"3,506 saves"
https://open.spotify.com/playlist/1ku7DfhiIXKXKnzyIb9dei,ACUSTICO COVER - INTERNACIONAL,"2,845 saves"
https://open.spotify.com/playlist/74uae2DikCkiZesCSv5cbH,Relaxing music for kids,"5,218 saves"
https://open.spotify.com/playlist/5WB0YczLC4Kx8bzqtfoejF,M√∫sicas para massagem relaxante,"1,848 saves"
https://open.spotify.com/playlist/7jK3FgdGYAT9yYt0QLvDvF,Best Covers of Popular Songs 2024 (Best Music Hits Cover),"7,942 saves"
https://open.spotify.com/playlist/6yrAernzuVPIkOUni7aDRZ,Relaxing Acoustic Covers,"19,259 saves"
https://open.spotify.com/playlist/5Uj3clhOvLWQO5kvmihfAf,Boyce Avenue - Wedding Songs,"6,723 saves"
https://open.spotify.com/playlist/17fbqtqGm8EeIUQ5jPXjJF,Boyce Avenue - All Songs,"2,190 saves"url,playlistName,saves
https://open.spotify.com/playlist/4uf0gphPVNtk4Uu0bxtdGA,Acoustic Covers 2024 (Top 100),"301,027 saves"
https://open.spotify.com/playlist/4OrLCnci10VO8DlSQ7VK5d,Morning Coffee,"140,223 saves"
https://open.spotify.com/playlist/3XF957ddALWqbfXkbNsP5l,Ac√∫stico Relax 2024 üéß,"70,629 saves"
https://open.spotify.com/playlist/33PBpQwSRLKmCoVnYXPmRx,Jonah Baker - Acoustic Covers,"6,681 saves"
https://open.spotify.com/playlist/37i9dQZF1DWWiuGVvOB4uo,Cozy Coffeehouse Covers,"361,944 saves"
https://open.spotify.com/playlist/37i9dQZF1DWY6UWUOwj4BO,Hit Acoustique,"245,558 saves"
https://open.spotify.com/playlist/1YvrTMoQkao1I0J4Nf7XJF,Acoustic Covers (THE BEST EVER ACOUSTIC),"92,094 saves"
https://open.spotify.com/playlist/6R289Js63LzdasMGQfATub,RELAXING ACCOUSTIC LOVE SONG,"8,859 saves"
https://open.spotify.com/playlist/1XgDvTWxoscSf45eKmIZlq,BEST COVERS (EVER),"109,608 saves"
https://open.spotify.com/playlist/37i9dQZF1DX64Y3du11rR1,Sad Covers,"380,795 saves"
https://open.spotify.com/playlist/7dH5BChboIDJ9Zp5IUk18E,Starbucks Coffeehouse - acoustic coffeehouse,"15,739 saves"
https://open.spotify.com/playlist/37i9dQZF1DZ06evO3EPt06,This Is Jonah Baker,"2,438 saves"
https://open.spotify.com/playlist/0NbAUvVFISvYvzMaJD3qMn,Coffeehouse Acoustic Covers,"28,885 saves"
https://open.spotify.com/playlist/1F4SkGrLM2IIux7TSoSGY7,ACOUSTIC CHILL NIGHTS,"12,474 saves"
https://open.spotify.com/playlist/37i9dQZF1DXcgZcN2HVMoe,Morning Coffee,"340,443 saves"
https://open.spotify.com/playlist/5pPzBpkIbvzA4rWO6ZQE9c,Soft acoustic covers,"4,105 saves"
https://open.spotify.com/playlist/6WFNMDow9htQ9fIf36do6f,M√∫sica para cl√≠nica | Atendimentos,"3,506 saves"
https://open.spotify.com/playlist/5XjAQnGDW1aGi53isMhL18,Acoustic Covers for Sleep,"5,034 saves"
https://open.spotify.com/playlist/5sMfgeII8qGOwcgxfqqDaM,Relax In the Bath,"84,474 saves"
https://open.spotify.com/playlist/66T0T0YbYTBn49GAlN00Pk,Music Travel Love - Acoustic Covers,"151,996 saves"
https://open.spotify.com/playlist/37i9dQZF1DZ06evO2wPq5Y,This Is Jada Facer,"5,669 saves"
https://open.spotify.com/playlist/5pRS1P19Q2ocpxr7icQnAW,LAGU AKUSTIK HITS BARAT,"1,797 saves"
https://open.spotify.com/playlist/7jK3FgdGYAT9yYt0QLvDvF,Best Covers of Popular Songs 2024 (Best Music Hits Cover),"7,942 saves"
https://open.spotify.com/playlist/6LP2PaSuIK0nEugS8xw0Bl,2024 BEST OF ACOUSTIC SONGS ‚ù§Ô∏è,"1,491 saves"
https://open.spotify.com/playlist/6lZgbGWyfFUYPlFqDjjB9h,2024 & 2025 Wedding Walking Down The Aisle,"49,556 saves"
https://open.spotify.com/playlist/5fPDWsuu7rjLdrfLkJP0mm,Best Acoustic Covers,"9,066 saves"
https://open.spotify.com/playlist/1qEL4AoT7N2jotslTQhHjH,Male Covers,"3,170 saves"
https://open.spotify.com/playlist/0yRmFDs8sV7qreUOa8Krm0,M√∫sicas para Cl√≠nica Est√©tica,"7,933 saves"
https://open.spotify.com/playlist/7m3oN1IwcPvY5svJKSVlBT,Slow Acoustic Covers,"2,535 saves"
https://open.spotify.com/playlist/4ARhwf75lsNra3UD9KIYPy,Acoustic Hits 2024,"59,427 saves"
https://open.spotify.com/playlist/3ZbwJEubmpOpsOQ06x32d5,Wedding Songs Acoustic Covers,"41,984 saves"
https://open.spotify.com/playlist/2J5P7HqgP7gTjhwmcjmCnU,Ë∂Ö„É™„É©„ÉÉ„ÇØ„ÇπÊ¥ãÊ•Ω,"2,698 saves"
https://open.spotify.com/playlist/21VdxvwtP49IjC8f2uIQX0,Taylor Swift Acoustic Covers,"3,390 saves"
https://open.spotify.com/playlist/2yrMAJe8pqWk3n7l4VYLMk,Chill Hits 2024 (The Best Of Chilled Music),"30,489 saves"
https://open.spotify.com/playlist/0gHonVmlBYAWajiEgrkeQX,Ontbijtmuziek - relaxte liedjes voor in de ochtend,"2,074 saves"
https://open.spotify.com/playlist/6yFYIPLBqH8EMWlQCnwRbL,Good Sleepy Songs,"6,290 saves"url,playlistName,saves
https://open.spotify.com/playlist/37i9dQZF1DX0X277P8nU0l,Caf√© Croissant,"220,197 saves"
https://open.spotify.com/playlist/0TjkxPjvv2jAlHgy4kHfWq,VIBES 2019 - 2021 COVID-19 üíî,"49,781 saves"
https://open.spotify.com/playlist/632gVuV2hHdTC9Py2GmFMx,Songs that feel like Sweater Weather,"20,162 saves"
https://open.spotify.com/playlist/3bZTQGrvewbkJJe6UpTFKc,studying like rory gilmore,"117,657 saves"
https://open.spotify.com/playlist/1ikbeyOlD7HCp5npKKs4ty,As The World Caves In - Sarah Cothran - Wuki Remix / Sad Music for Girls,"17,761 saves"
https://open.spotify.com/playlist/7AYga996DgHKsa6g1o4Qbh,jj trend tiktok viral speed up dj,"50,624 saves"
https://open.spotify.com/playlist/5YV4zZfTAqEEsTPhHW5amn,LAKESTONE - TOME 1,"19,938 saves"
https://open.spotify.com/playlist/5ToZDSqibex33sQ6s3iIN9,Fall playlist üçÅ,"35,827 saves"
https://open.spotify.com/playlist/1yLrdMa5c9r08DJrVOnTi3,reading and ignoring the world,"36,598 saves"
https://open.spotify.com/playlist/37i9dQZF1DX4Xfg8JLDVt8,Goals,"267,860 saves"
https://open.spotify.com/playlist/1NxNXmyvYCT71OYLobE4xI,FOURTH WING / IRON FLAME- reading playlistüî•,"26,975 saves"
https://open.spotify.com/playlist/79jYe7hUrvzv7O5vCYqTJa,Desamor y tristeza ingl√©s üíî‚ù§Ô∏è‚Äçü©π,"3,362 saves"
https://open.spotify.com/playlist/3w6LAADsSxZYJ9VM963jGM,old dracotok songs <3,"18,647 saves"
https://open.spotify.com/playlist/0CIrpAk2DuJoNSXcLDrcpr,Sad Songs.,"9,111 saves"
https://open.spotify.com/playlist/5yMiEajnPz4b3u0R9K69m3,8D - ADHD Calming/Bilateral Stim,"23,946 saves"
https://open.spotify.com/playlist/3Crsm395jp5vexuhvzEsy9,bad üòû - 2024 | m√∫sicas tristes,"43,727 saves"
https://open.spotify.com/playlist/5QOrHPIzTFh80WhHmbOcCp,English love ‚ù§ songs,"25,045 saves"
https://open.spotify.com/playlist/43hYSzQXqBpge0ytIAjNCt,TOP SAD SONG TIKTOK ü•Ä,"8,318 saves"
https://open.spotify.com/playlist/1hblPa5R3QgJGWoazGIbWG,sad songs for my depression üíî,"95,669 saves"
https://open.spotify.com/playlist/3iR3Fu6misMkQTheYnXZuQ,M√∫sica triste en ingl√©s üò≠ Para llorar üíî Canciones Para llorar 2024 üòø Sad Indie üò≠ Tristeza Indie üò≠ü•Ä,"12,053 saves"
https://open.spotify.com/playlist/5BpnxJTm3SP4kDhfcZXhLF,writing a book,"18,573 saves"
https://open.spotify.com/playlist/37i9dQZF1DWYfVqUciU2jI,sad girl sh*t,"177,857 saves"
https://open.spotify.com/playlist/1UutIRWmKMgmOUaTsiaask,Paz Mental üß°üå±ü™¥üåà,"10,638 saves"
https://open.spotify.com/playlist/0dCPICDWpwevSuIjgaBbkF,Dark fantasy songs for reading or writing,"6,361 saves"
https://open.spotify.com/playlist/7Mcg7fPQaM2e5SIIRrVWeZ,forest fairy vibes üßù‚Äç‚ôÄÔ∏è üå≥ üåø,"90,842 saves"
https://open.spotify.com/playlist/2W9czOuTfRTnIqI9aY0Ry0,Sad music to cry tooü•ÄüôÅ,"12,598 saves"
https://open.spotify.com/playlist/4T7MrNwyHzB3DwtzaIGFFn,Vibes Kerajaan,"33,893 saves"
https://open.spotify.com/playlist/7gQ1lM98jnStAlPVifdI5S,ALAS DE SANGRE üñ§,"4,936 saves"
https://open.spotify.com/playlist/2Su6WKWrOWWArcRFSUTkT9,depress√£o,"2,750 saves"
https://open.spotify.com/playlist/17KV3prdQPa7a38BF0LX2y,‡πÄ‡∏û‡∏•‡∏á‡∏™‡∏≤‡∏Å‡∏•‡πÄ‡∏®‡∏£‡πâ‡∏≤‡πÜ ‡πÄ‡∏®‡∏£‡πâ‡∏≤‡πÄ‡πÄ‡∏ö‡∏ö‡∏ã‡∏µ‡πÄ‡∏£‡∏µ‡∏¢‡∏™ ‡∏ã‡∏µ‡πÄ‡∏£‡∏µ‡∏¢‡∏™‡∏à‡∏ô‡πÄ‡∏®‡∏£‡πâ‡∏≤,"10,089 saves"
https://open.spotify.com/playlist/2HfQd2Z4rIcYQP2yno3pHu,Best sleep songs üïäÔ∏è,"51,617 saves"
https://open.spotify.com/playlist/37i9dQZF1DWVEaynofUD86,The Summer I Turned Pretty Official Playlist,"373,810 saves"
https://open.spotify.com/playlist/66E9wQae4ME7kNeFkGQUpl,Lagu TikTok Viral - Lagu TikTok 2024 Terbaru - TikTok Songs 2024,"124,414 saves"
https://open.spotify.com/playlist/5FcY5ZOhP9b1JzZJgMEmRo,oras na para mag breakdown,"25,657 saves"
https://open.spotify.com/playlist/7COxcKnXIvVWaMR2IBh8Tj,Spokojna muzyka,"5,748 saves"
https://open.spotify.com/playlist/4PT7mTcNv9qz0gWQ7aGckU,Pov: ur inlove ‚ù§,"4,964 saves"url,playlistName,saves
https://open.spotify.com/playlist/0ruh3Ry3vc78QrQwMl07XN,them really sad phoebe bridgers songs,"38,017 saves"
https://open.spotify.com/playlist/4uf0gphPVNtk4Uu0bxtdGA,Acoustic Covers 2024 (Top 100),"301,031 saves"
https://open.spotify.com/playlist/53yMQt8cRfObvZeAdjmT90,thought daughter,"46,757 saves"
https://open.spotify.com/playlist/1zunq9gfybWXOU4Eqg5jiP,comfort songs to sleep,"18,398 saves"
https://open.spotify.com/playlist/4Eaqv2ZjzoQmG0myohWtYi,songs that feel like fall üçÇ,"15,379 saves"
https://open.spotify.com/playlist/5Fb4tPy3wpQqNSnvEUPNFP,thought daughter car ride,"17,272 saves"
https://open.spotify.com/playlist/004dqYVVhtQE3YcHUAH2DS,*‡≥É‡ºÑ autumnüçÇ‚òïÔ∏èüïØÔ∏è,"53,156 saves"
https://open.spotify.com/playlist/78lw1fbjkHGukSGYUbBZ7u,Thought daughter üìù,"19,173 saves"
https://open.spotify.com/playlist/37i9dQZF1DXb9izPIc0SCS,Indie Rock Hits,"689,170 saves"
https://open.spotify.com/playlist/5hOH3HcnQon0lWreL9Tfwx,NANGIS AMPE MATA BENGKAK üò≠,"224,008 saves"
https://open.spotify.com/playlist/1XE7rQIGl1NFtWEAfwn4b9,Calm songs but sad but comforting üéÄ,"95,375 saves"
https://open.spotify.com/playlist/2GgTpiqee3MDjy2h4nTkWb,all phoebe bridgers songs,"7,613 saves"
https://open.spotify.com/playlist/37i9dQZF1DXcgZcN2HVMoe,Morning Coffee,"340,443 saves"
https://open.spotify.com/playlist/6A9uUnZiNsWnjgp2cFcsbJ,Sleeping and fake scenarios,"9,647 saves"
https://open.spotify.com/playlist/0l4pQyHBQbkW2alIE7iUgp,gilmore girls fallüçÇüçÅ,"48,966 saves"
https://open.spotify.com/playlist/34xu1Ho7uHzBAKLJ0GqGks,Reading at night (no vocals) ‚òïÔ∏èüìúüïØÔ∏è,"87,127 saves"
https://open.spotify.com/playlist/09PWdnEeaF4shW7m6mi8D0,Who is Phoebe Fucking Bridgers?,"87,066 saves"
https://open.spotify.com/playlist/37i9dQZF1DX26DKvjp0s9M,Essential Indie,"982,812 saves"
https://open.spotify.com/playlist/67SmOxJgkIBob0I3Pn0oVQ,"pov: ur dealing w family problems, unstable mental health, anxiety, self blame at such a young age","34,003 saves"
https://open.spotify.com/playlist/53UcdcAPuxC9vMTL7LJDr6,extremely gut wrenching sad songs,"37,188 saves"
https://open.spotify.com/playlist/37i9dQZF1DX2DKrE9X6Abv,end credits,"757,071 saves"
https://open.spotify.com/playlist/0VTTnJgEPcBYWKddDZ7iwo,pampaantok kapag matutulog nako,"38,472 saves"
https://open.spotify.com/playlist/1uXOlEea1D1eOboavq5ACp,lullabies for teens,"17,053 saves"
https://open.spotify.com/playlist/2k07a9WJkutB1j6mfhrkvy,possibly the saddest phoebe bridgers songs in her discography,"1,958 saves"
https://open.spotify.com/playlist/6cukiD0DPsF8SZix4cAhDF,roslyn rainy day kinda vibe,"44,857 saves"
https://open.spotify.com/playlist/1siqCRQYazUklCZCJJyJI4,30 Top Hits Lagu Barat 2024,"61,025 saves"
https://open.spotify.com/playlist/4SWt6k4KUSNzmgRtCTzOKM,TIK TOK 2024 ‚ö°‚ö° SEPTEMBER 2024,"306,461 saves"
https://open.spotify.com/playlist/37i9dQZF1DXahsxs9xh0fn,fall feels,"93,879 saves"
https://open.spotify.com/playlist/685UlAghdsd5EWNyi0l7ZL,oo putangina umiiyak ako,"44,870 saves"
https://open.spotify.com/playlist/3SR6dxglEetaLHFDyWeJok,know its for the better (tears stream down your face),"13,406 saves"
https://open.spotify.com/playlist/37i9dQZF1DWVsh2vXzlKFb,Summer Indie,"564,499 saves"
https://open.spotify.com/playlist/6xfTlZFlE4q0xrkKUeigmn,phoebe bridgers complete(s my heart),"29,719 saves"
https://open.spotify.com/playlist/5ToZDSqibex33sQ6s3iIN9,Fall playlist üçÅ,"35,828 saves"
url,playlistName,saves
https://open.spotify.com/playlist/4uf0gphPVNtk4Uu0bxtdGA,Acoustic Covers 2024 (Top 100),"301,034 saves"
https://open.spotify.com/playlist/6P98cP6nMIlk4AWB4wPMJf,LOUNGE MUSIC 2024,"998,896 saves"
https://open.spotify.com/playlist/22Y3CO7eAcoVcymEsT4tQD,Conor Maynard - All Songs,"3,138 saves"
https://open.spotify.com/playlist/5P0ClMcyW0fVALEkzEW1Ih,SUMMER VIBES 2024 üèùÔ∏è,"36,899 saves"
https://open.spotify.com/playlist/27awmW5TzyLWKejZ4VT8ob,Gacha Life Songs 2017-2020,"157,628 saves"
https://open.spotify.com/playlist/0MFTd0XyNOIXwlrupvAYtF,Conor Maynard Covers/ songs,"4,322 saves"
https://open.spotify.com/playlist/4Xv7w5RBLUz71sSzIs4C6b,Acoustic Covers of Popular Songs,"232,174 saves"
https://open.spotify.com/playlist/37i9dQZF1DX2i24iHGhL24,Pop Covers,"163,115 saves"
https://open.spotify.com/playlist/37i9dQZF1DX73EtbU4jEcn,Top Hits Workout,"312,700 saves"
https://open.spotify.com/playlist/0rAdSPycrFdaBXh9xSW3ap,Best English Songs,"283,846 saves"
https://open.spotify.com/playlist/38fBnemYrpIUWFRfDZYcog,Summer Lounge üç¶ 2024 Chill Vibes,"110,453 saves"
https://open.spotify.com/playlist/6VjXyFH9Z5HlGPAjRBKR32,Ibiza Summer Mix 2024 üçì Best Of Tropical Deep House Music Chill Out Mix,"254,218 saves"
https://open.spotify.com/playlist/0MmJin2lNE7CAUE8UAQSnM,Coffee Lounge 2024 ‚òï Caf√© Music ‚òï Koffie Chill ‚òï Kaffee Musik,"37,883 saves"
https://open.spotify.com/playlist/6JlaZBTWBY95xuyIl1gZQm,Shopping Music 2024 üõçÔ∏è In Store Fashion Playlist,"12,643 saves"
https://open.spotify.com/playlist/3XZOiqmqoKcwc7uRWV1TDl,KRISS KROSS AMSTERDAM playlist,"1,681 saves"
https://open.spotify.com/playlist/37i9dQZF1DWVceftBh0Ubl,Workout Hits,"67,909 saves"
https://open.spotify.com/playlist/323XtIMdfK1snft59E87mL,‡∏£‡∏ß‡∏°‡πÄ‡∏û‡∏•‡∏á‡∏™‡∏≤‡∏Å‡∏•‡∏ü‡∏±‡∏á‡πÄ‡∏û‡∏•‡∏¥‡∏ô‡πÜ 1000‡∏•‡πâ‡∏≤‡∏ô‡∏ß‡∏¥‡∏ß,"1,204 saves"
https://open.spotify.com/playlist/7IGgZbBQiT4DThMyGxAlBX,Beach Chill 2024 üèñÔ∏è‚òÄÔ∏èüï∂Ô∏è Beach Vibes & Chillout - Summer Lounge 2024,"320,845 saves"
https://open.spotify.com/playlist/2SRbIs0eBQwHeTP7kErjwo,Tropical House üèù Hits 2024,"414,454 saves"
https://open.spotify.com/playlist/5Z1m46SMcRNoIykQtOk4Ys,Musica Para Correr 2024 üí®,"72,199 saves"
https://open.spotify.com/playlist/37i9dQZF1DZ06evO2N9D7K,This Is Kris Kross Amsterdam,"13,151 saves"
https://open.spotify.com/playlist/4mpXK4yj6vj8fT00Revwav,Conor Maynard Mash Ups & Covers,"6,439 saves"
https://open.spotify.com/playlist/1qcuyhnhfd8DQ4oEL3jpb8,Conor Maynard vs‚Ä¶ The Sing-offs,"1,737 saves"
https://open.spotify.com/playlist/6lqn096qxDR0IzeFKWmVcC,O melhor do pop Internacional,"11,263 saves"
https://open.spotify.com/playlist/7utmHIx6p7NCQEuQ1bTzIR,Êúù„Å´ËÅû„Åç„Åü„ÅÑ„ÅäÊ¥íËêΩ„Å™Ê¥ãÊ•Ω,"10,432 saves"
https://open.spotify.com/playlist/37i9dQZF1DZ06evO3kqy1G,This Is Shaggy,"130,569 saves"
https://open.spotify.com/playlist/0SFDM0ZVjDnEpYnCtRXH6s,Poolside Chillin' 2024 ‚òÄÔ∏è,"26,605 saves"
https://open.spotify.com/playlist/127rFNYmrIt6aoYnhyuPQ0,Mellow Music 2024,"5,196 saves"
https://open.spotify.com/playlist/37i9dQZF1DX6uIc2aogDNQ,ÈñãËªäÈªûÂî±Ê©ü,"97,584 saves"
https://open.spotify.com/playlist/4Fli6vOjpz8BURJQsm1otf,NRJ 2024 HIT MUSIC ONLY,"43,015 saves"
https://open.spotify.com/playlist/3FAb1Pvn8pCa9VyVSNwIfw,old gacha bangersüòºü§ù,"8,052 saves"
https://open.spotify.com/playlist/37i9dQZF1DX9BXb6GsGCLl,Powerwalk!,"558,378 saves"
https://open.spotify.com/playlist/6QaNG37n2xODWKtzgn7iJy,Tag-ulan Playlist,"18,678 saves"url,playlistName,saves
https://open.spotify.com/playlist/6M14oz8xWgu8XzDv5OQB5Y,Ed Sheeran - All Songs,"268,164 saves"
https://open.spotify.com/playlist/622xKQ0FK6qAOD2TIJWhJN,Ed Sheeran Greatest Hits,"40,229 saves"
https://open.spotify.com/playlist/4hK25gScGegOxXTV6u5E21,Ed Sheeran Best Hits,"116,159 saves"
https://open.spotify.com/playlist/37i9dQZF1DX1ngEVM0lKrb,Pop Internacional 2024,"673,018 saves"
https://open.spotify.com/playlist/54SV4xiry4qbOhWhStFuRk,Ed Sheeran Tour Setlist 2024,"18,206 saves"
https://open.spotify.com/playlist/0qyhqmsAfxVzlQiFmILPdG,Ed Sheeran: The Mathematics Tour Setlist,"241,391 saves"
https://open.spotify.com/playlist/6UQaMArFR73QSsCHFeXGT5,Ed Sheeran ‚Äî As melhores,"54,922 saves"
https://open.spotify.com/playlist/5mxk3kiXWekcky3qcvmk6k,ED SHEERAN MIXüî¥EXITOS/LO MEJOR,"9,809 saves"
https://open.spotify.com/playlist/4uf0gphPVNtk4Uu0bxtdGA,Acoustic Covers 2024 (Top 100),"301,036 saves"
https://open.spotify.com/playlist/5KJDMJe9EJ7QRz8FG2MIpI,BEST HITS 2024 üî• Popular Songs üéµ Top Music Hits üéµ Summer 2024,"267,980 saves"
https://open.spotify.com/playlist/7ve09mCVsmJe1VJbStRnG5,Ed Sheeran's old songs >>,"4,985 saves"
https://open.spotify.com/playlist/5muSk2zfQ3LI70S64jbrX7,TOP ENGLISH SONGS OF ALL TIMEüî•‚ô•Ô∏è,"267,150 saves"
https://open.spotify.com/playlist/6DHD12EjGiRV9uSgIcnn4M,Roadtrip 2000-2024 üåá Best driving songs üöó,"96,816 saves"
https://open.spotify.com/playlist/37i9dQZF1DXdrln2UyZD7F,La vie est belle,"910,417 saves"
https://open.spotify.com/playlist/37i9dQZF1DXdpy4ZQQMZKm,Top Throwbacks 2023,"692,569 saves"
https://open.spotify.com/playlist/37i9dQZF1DX8685vIIepKh,Garde la p√™che !,"739,168 saves"
https://open.spotify.com/playlist/5ABHKGoOzxkaa28ttQV9sE,Top 100 most streamed songs on Spotify *Updated*,"447,604 saves"
https://open.spotify.com/playlist/37i9dQZF1DX0vHZ8elq0UK,Energy Booster: Pop,"961,510 saves"
https://open.spotify.com/playlist/37i9dQZF1DXd9zR7tdziuQ,Hits ac√∫sticos,"934,845 saves"
https://open.spotify.com/playlist/25Y75ozl2aI0NylFToefO5,Afrobeats Hits üî•,"118,220 saves"
https://open.spotify.com/playlist/5PsLQPKUlY2gEdaXqZkiyA,INTERNACIONAL ANIMADAS üî•,"28,964 saves"
https://open.spotify.com/playlist/1MYMvIg3oqulwr99qbjL8W,Chill Morning 2024 üèî‚òÄÔ∏è,"42,021 saves"
url,playlistName,saves
https://open.spotify.com/playlist/5DVUEqRL1EV8I9n65eBaAw,sad songs to cry out to üò≠,"165,793 saves"
https://open.spotify.com/playlist/1udqwx26htiKljZx4HwVxs,2000s Throwbacks (Top 100 Hits),"759,546 saves"
https://open.spotify.com/playlist/1pmsMvJXvQ6s55bz4FsqCy,Love Songs 2024 üíï,"70,353 saves"
https://open.spotify.com/playlist/6jCgabXrYUjqdaF0ozKkTj,Techno House 2024 üî•,"192,375 saves"
https://open.spotify.com/playlist/4HSDhmLju8RKGFxMpr7JOQ,Ê¥ãÊ•Ω‰∫∫Ê∞ó2024 „Éí„ÉÉ„ÉàÊõ≤,"42,179 saves"
https://open.spotify.com/playlist/4GZT3MbZ4IwjtIxKuYerfu,Throwback Bangers (2000s),"279,786 saves"
https://open.spotify.com/playlist/1HpyTAKvdRg23nf6U0lY7I,songs that give me chills,"4,099 saves"
https://open.spotify.com/playlist/0Ko5zUANbqYo6xcvMIcpz3,sad acoustic songs,"11,856 saves"
https://open.spotify.com/playlist/251s0Zg8CVCqIGdDNo9q7l,i thought he'd come back,"5,884 saves"
https://open.spotify.com/playlist/4vRA9fPyMCx6PoJzBDQZ6h,Billie Eilish - when the party is over,"20,494 saves"
https://open.spotify.com/playlist/79644V4s1FuyyM38pgI07B,Tecno House 2024,"240,519 saves"
https://open.spotify.com/playlist/5KJDMJe9EJ7QRz8FG2MIpI,BEST HITS 2024 üî• Popular Songs üéµ Top Music Hits üéµ Summer 2024,"267,982 saves"
https://open.spotify.com/playlist/37i9dQZF1DZ06evO2cENFe,This Is Bakermat,"37,494 saves"
https://open.spotify.com/playlist/2XQhtZlG42Lbodn4W88P0h,gym sad playlist üíî,"7,832 saves"
https://open.spotify.com/playlist/4VB07XnTeXboySoOyCMTtX,HOLIDAY VIBES 2024 üå¥ ‚òÄÔ∏è SUMMER VIBES üå¥,"61,386 saves"
https://open.spotify.com/playlist/0wgd9yLXEpwmwMjCTx3RFW,sad songs for the boys üòî,"6,130 saves"
https://open.spotify.com/playlist/6djVlPlQbOacPDPSali1gW,saddest songs i know,"9,018 saves"
https://open.spotify.com/playlist/0CEjGvODnAADd5GxhoJGE8,TECHNO SUMMER 2024 ‚òÄÔ∏èüî•,"35,112 saves"
https://open.spotify.com/playlist/3uq1jrrLNf3nbqO9cV4NCK,Pamela Reif Workout Songs - Get Active by Pamela Reif (Official),"302,159 saves"
https://open.spotify.com/playlist/2poYJoFh5iBdLvYfptGJ5z,depressed music 2024 | sad songs,"22,647 saves"
https://open.spotify.com/playlist/2p6SAq9WHFaodqizQ0TTdO,Love songs for him‚ù£Ô∏è,"115,636 saves"
https://open.spotify.com/playlist/2e3dcRuo9uDH6qD3NOGKAL,EDM Music 2024 (Top 100),"283,890 saves"
https://open.spotify.com/playlist/665aHXoZ3Dhwn6SEneyLgu,House Bangers!!!!!!!!!,"32,012 saves"
https://open.spotify.com/playlist/1PXJzlgbCo6iSf7SlDWvo6,sad playlist to cry myself to sleep üòî,"21,450 saves"
https://open.spotify.com/playlist/6ytlnrnnpiEGKHGbDFDbTT,Lovely - Billie Eilish,"11,687 saves"
https://open.spotify.com/playlist/3MnaeVYyif6bTqO2PO8wVU,HOUSE PARTY 2024 üî•,"310,878 saves"
https://open.spotify.com/playlist/75VkgzDJM2OjEJ8iVmLRZL,ESKA Wrzesie≈Ñ 2024 üî• Hity Lata 2024 üî• Radio Eska,"76,999 saves"
https://open.spotify.com/playlist/2R61k4rIZL5y03BfBND81y,TECHNO IBIZA 2024 üå¥,"42,567 saves"
https://open.spotify.com/playlist/5LPxu1G49klzouMIASPIIc,rainy days üåßÔ∏è sad rain vibe playlist,"2,486 saves"
https://open.spotify.com/playlist/37i9dQZF1DZ06evO3DX1jG,This Is Johnny Orlando,"27,216 saves"
https://open.spotify.com/playlist/7hqGumhnnIiwY89GF6DSb4,DRUM AND BASS - DNB 2024 - DNB REMIXES 2024 - DRUM N BASS,"26,037 saves"
https://open.spotify.com/playlist/70MryAlCk5UY4sG9BUWx3I,Chill Songs üíï Best Chill Hits,"92,957 saves"
https://open.spotify.com/playlist/35hNFrVZvNxfFM8mjk4kup,Actually I have been broken all along‚Ä¶,"5,633 saves"
https://open.spotify.com/playlist/37i9dQZF1DZ06evO1Ba6cz,This Is Camylio,"1,091 saves"
https://open.spotify.com/playlist/0pXctQjhLkyJ7fGBZoFrsR,Echoes of Youth,"12,521 saves"
https://open.spotify.com/playlist/68uAGBqCPPUGxVV4OQdVBg,BINI BOPS : Maloi,"20,295 saves"
https://open.spotify.com/playlist/19kxQhBJhKmmgzUeVYex3Y,Nouveaut√©s 2024 - Nouvelle Chanson 2024 (Nouveautes),"7,003 saves"
https://open.spotify.com/playlist/0v8CT1qA903QRBaEZpjVDN,Neuerscheinungen 2024 - Neue Musik 2024 (Neuheiten),"19,313 saves"url,playlistName,saves
https://open.spotify.com/playlist/1udqwx26htiKljZx4HwVxs,2000s Throwbacks (Top 100 Hits),"759,547 saves"
https://open.spotify.com/playlist/5DVUEqRL1EV8I9n65eBaAw,sad songs to cry out to üò≠,"165,798 saves"
https://open.spotify.com/playlist/4GZT3MbZ4IwjtIxKuYerfu,Throwback Bangers (2000s),"279,788 saves"
https://open.spotify.com/playlist/1pmsMvJXvQ6s55bz4FsqCy,Love Songs 2024 üíï,"70,353 saves"
https://open.spotify.com/playlist/75VkgzDJM2OjEJ8iVmLRZL,ESKA Wrzesie≈Ñ 2024 üî• Hity Lata 2024 üî• Radio Eska,"76,999 saves"
https://open.spotify.com/playlist/5muSk2zfQ3LI70S64jbrX7,TOP ENGLISH SONGS OF ALL TIMEüî•‚ô•Ô∏è,"267,149 saves"
https://open.spotify.com/playlist/1F4Blteq0gK70zV7YMcVic,LAGI HAPPY G USAH BKIN BDMOOD,"12,254 saves"
https://open.spotify.com/playlist/0orDWyz3Wv1XDpO0YuiRw1,Hot Gym Girls Playlist üçë,"214,083 saves"
https://open.spotify.com/playlist/0SRdjSDz4RsuozwHv1zhvr,Best TikTok Viral Songs 2024 ‚ö°Ô∏è,"238,650 saves"
https://open.spotify.com/playlist/4HSDhmLju8RKGFxMpr7JOQ,Ê¥ãÊ•Ω‰∫∫Ê∞ó2024 „Éí„ÉÉ„ÉàÊõ≤,"42,178 saves"
https://open.spotify.com/playlist/50BaWkucoch2d7htodVvWg,3Ô∏è‚É£2Ô∏è‚É£1Ô∏è‚É£,"14,426 saves"
https://open.spotify.com/playlist/2psaEUomJ9JMfEgMPwTT3F,Lagu Inggris Viral TerHITS 2024,"12,503 saves"
https://open.spotify.com/playlist/4VB07XnTeXboySoOyCMTtX,HOLIDAY VIBES 2024 üå¥ ‚òÄÔ∏è SUMMER VIBES üå¥,"61,386 saves"
https://open.spotify.com/playlist/4vRA9fPyMCx6PoJzBDQZ6h,Billie Eilish - when the party is over,"20,494 saves"
https://open.spotify.com/playlist/6JmhPzz9aL5rgJq5FlTIBW,hot girls thrist trap,"25,728 saves"
https://open.spotify.com/playlist/3vCBktnIaKmNpZjSqZHiw6,Emiway Bantai All Songs,"5,279 saves"
https://open.spotify.com/playlist/4Loq6LK5uFHpAEDsqWU5ZL,late night walks/drivesü´∂,"23,632 saves"
https://open.spotify.com/playlist/7F6LZRsIuxbN2j5ZARkFPC,breezy n friends :),"58,131 saves"
https://open.spotify.com/playlist/3bDJLJzvUBxBV4C7mezz6p,Top 50 Hindi Songs 2024 ( September ),"39,812 saves"
https://open.spotify.com/playlist/1MG1skhqoiKFYmJ6XSFasQ,‡∏£‡∏ß‡∏°‡πÄ‡∏û‡∏•‡∏á‡∏™‡∏≤‡∏Å‡∏•‡∏Ñ‡∏•‡∏±‡πà‡∏á‡∏£‡∏±‡∏Åüíò| inlove songs,"10,945 saves"
https://open.spotify.com/playlist/2GmHGFT4by9VijBcm5jp0V,MOOD KERJA,"2,078 saves"
https://open.spotify.com/playlist/2p6SAq9WHFaodqizQ0TTdO,Love songs for him‚ù£Ô∏è,"115,637 saves"
https://open.spotify.com/playlist/2ZipitvVHb1CWaMwv49iNc,Mode Junglerüî•,"2,918 saves"
https://open.spotify.com/playlist/4uaEDs7NwMGTJAYCFI5zEf,RADIO ESKA Wrzesie≈Ñ 2024 üî• ESKA Radio 2024 üî•Hity Z Radia,"15,128 saves"
https://open.spotify.com/playlist/0Ko5zUANbqYo6xcvMIcpz3,sad acoustic songs,"11,857 saves"
https://open.spotify.com/playlist/37i9dQZF1DZ06evO4idbn8,This Is Stan Walker,"16,748 saves"
https://open.spotify.com/playlist/3EtjvYWXNPOKuPDI1p7BJP,MAAF KALO KELIATAN NAKSIR BANGET SOALNYA BENERAN NAKSIR BERAT,"2,969 saves"
https://open.spotify.com/playlist/2AIDYqhaDiDENABLkn4PMI,Celina Sharma‚Äôs Playlist,"1,242 saves"
https://open.spotify.com/playlist/03VmlbBhKKIr5qbdkltwre,Pkoknya bisa naikin mood aja,"2,250 saves"
https://open.spotify.com/playlist/1IetIzhucZD6WPUShz99Ox,Viral Hits Songs 2021/2022,"2,738 saves"
https://open.spotify.com/playlist/7s4vwKxvAWXg5VzBfIWc1e,beat bending bliss,"8,273 saves"
https://open.spotify.com/playlist/1PXJzlgbCo6iSf7SlDWvo6,sad playlist to cry myself to sleep üòî,"21,450 saves"
https://open.spotify.com/playlist/37i9dQZF1DZ06evNZVBOjn,This Is Emiway Bantai,"53,003 saves"
https://open.spotify.com/playlist/3XF957ddALWqbfXkbNsP5l,Ac√∫stico Relax 2024 üéß,"70,635 saves"
https://open.spotify.com/playlist/5PiWTp3JsycyidTy2P6xYD,Playlist Gantengü´Äüé∏,"19,832 saves"
https://open.spotify.com/playlist/2XQhtZlG42Lbodn4W88P0h,gym sad playlist üíî,"7,829 saves"
https://open.spotify.com/playlist/6djVlPlQbOacPDPSali1gW,saddest songs i know,"9,017 saves"
https://open.spotify.com/playlist/0wgd9yLXEpwmwMjCTx3RFW,sad songs for the boys üòî,"6,130 saves"
https://open.spotify.com/playlist/1DMMVUDToxgFmz3m5szmhJ,Coffee Lounge Vibes | Cafe Music 2024 ‚òï,"7,400 saves"
https://open.spotify.com/playlist/2uhnNjuEtg8C9CjP5wEGRa,24/7 im thinking about uìãºìçä,"7,271 saves"
https://open.spotify.com/playlist/3njRAX9YdV6iPOhzjIOoNJ,Sick of crying,"6,819 saves"