url,playlistName,saves,playlistOwner,playlistOwnerProfile
https://open.spotify.com/playlist/1nNMBeTNkToeeuUaRFmNeA,peter parker‚Äôs ipod,"18,994 saves",derek_mtz,https://open.spotify.com/user/derek_mtz
https://open.spotify.com/playlist/37i9dQZF1DWV5vqkTng2MA,the new retro,"407,509 saves",Spotify,https://open.spotify.com/user/spotify
https://open.spotify.com/playlist/7hitFeOemCaERBEDFMwUH2,Fourth wing; a reading playlist üêâ‚öîÔ∏èüèîÔ∏è,"9,112 saves",Jamila,https://open.spotify.com/user/68sz80phmbncfpg7502k2c3xj
https://open.spotify.com/playlist/37i9dQZF1DX9crXQ0wuuXE,Roots Revival,"618,643 saves",Spotify,https://open.spotify.com/user/spotify
https://open.spotify.com/playlist/37i9dQZF1DXajkNVL0LazE,00s Indie Folk,"101,471 saves",Spotify,https://open.spotify.com/user/spotify
https://open.spotify.com/playlist/1NxNXmyvYCT71OYLobE4xI,FOURTH WING / IRON FLAME- reading playlistüî•,"27,264 saves",Urte‚ö°Ô∏è,https://open.spotify.com/user/31pdpkbfd4of2w4twojw6mzbz3fm
https://open.spotify.com/playlist/6MQovlqpNdTQssuG5txKJA,EOTR 2024,"9,205 saves",End Of The Road Festival,https://open.spotify.com/user/end-of-the-road-festival
https://open.spotify.com/playlist/37i9dQZF1DXb67OkZ6150Z,Indie Covers,"294,262 saves",Spotify,https://open.spotify.com/user/spotify
https://open.spotify.com/playlist/37i9dQZF1DWYJeWl6ior4d,Indie Klassiker,"328,298 saves",Spotify,https://open.spotify.com/user/spotify
https://open.spotify.com/playlist/160nFABJxMlKYWaUlUwKPA,Phosphorescent - Revelator,"2,917 saves",Phosphorescent Music,https://open.spotify.com/user/31ex7xbyq56prehh7bsluqdpqvai
https://open.spotify.com/playlist/5vEr8prG4Q5IaRRe9uAQWx,Es confuso ¬øVerdad?,"74,155 saves",So√±ador,https://open.spotify.com/user/22nyusbghyrrqmcmhrngselkq
https://open.spotify.com/playlist/37i9dQZF1DXaLaoaQqrfyO,Indie Pop 2010s,"349,520 saves",Spotify,https://open.spotify.com/user/spotify
https://open.spotify.com/playlist/37i9dQZF1DX873GaRGUmPl,Alternative 10s,"903,709 saves",Spotify,https://open.spotify.com/user/spotify
https://open.spotify.com/playlist/37i9dQZF1DX9pryhDLql25,Farmers Market,"234,926 saves",Spotify,https://open.spotify.com/user/spotify
https://open.spotify.com/playlist/37i9dQZF1DWWHfKx5oHlSX,Electric Lady Studios,"114,945 saves",Spotify,https://open.spotify.com/user/spotify
https://open.spotify.com/playlist/37i9dQZF1DX0x36cwEyOTG,Peaceful Ambient Indie,"425,287 saves",Spotify,https://open.spotify.com/user/spotify
https://open.spotify.com/playlist/37i9dQZF1DWW2mn5wEfG6q,Best of Indie 2013,"81,195 saves",Spotify,https://open.spotify.com/user/spotify
https://open.spotify.com/playlist/1C3rLT7O5hVDFtFmhAgFDI,MARVEL SONGS.,"54,867 saves",fxrnandx_,https://open.spotify.com/user/fxrnandx_
https://open.spotify.com/playlist/37i9dQZF1DX33sAKOXmmb7,10s Indie Folk,"72,117 saves",Spotify,https://open.spotify.com/user/spotify
https://open.spotify.com/playlist/6mR7jdOqr09lRnGTGTWwy4,M√∫sicas Rom√¢nticas de filmes! S√≥ as melhores!,"2,109 saves",Juliano Vasconcellos,https://open.spotify.com/user/djjuliano
https://open.spotify.com/playlist/37i9dQZF1DZ06evO33Kl5n,This Is Jenny Lewis,"3,444 saves",Spotify,https://open.spotify.com/user/spotify
https://open.spotify.com/playlist/3zPqVRULjwmaIyc93p2nLx,Sounds like Folklore,"9,195 saves",Fuegostine,https://open.spotify.com/user/fuegostine
https://open.spotify.com/playlist/7sji9Bkx5dYZb1YFobMlOK,The Amazing Spider-Man 1 & 2,"5,484 saves",Revan_Zz,https://open.spotify.com/user/theleaderkyloren
https://open.spotify.com/playlist/5C4000JaC0AfF0Njyy10th,Time Moves Slow,"3,882 saves",Deanjraines,https://open.spotify.com/user/mkqumexra8v7nho5trtuy9ogx
https://open.spotify.com/playlist/5tOffZXVBFTMS7mkKQ3tpX,Indie Folk Chill,"95,440 saves""url,playlistName,saves
https://open.spotify.com/playlist/37i9dQZF1DZ06evO2CDVdg,This Is MJ Lenderman,""1,135 saves",CaffeinatedFox,https://open.spotify.com/user/rj9wvs6jynpiwpzb5s99rwu6f
https://open.spotify.com/playlist/1EkUw68oTJGlDOicmWHBfV,The Amplifier: 5 of My Most Anticipated Albums of the Fall,"77,760 saves",nytimes,https://open.spotify.com/user/nytimes
https://open.spotify.com/playlist/37i9dQZF1DWZ1RmpoqILAO,Indie Twang,"61,938 saves",Spotify,https://open.spotify.com/user/spotify
https://open.spotify.com/playlist/37i9dQZF1DX30HHrCAl4ZG,Today's Indie Rock,"833,850 saves",Spotify,https://open.spotify.com/user/spotify
https://open.spotify.com/playlist/37i9dQZF1DWUgBy0IJPlHq,Indigo,"527,201 saves",Spotify,https://open.spotify.com/user/spotify
https://open.spotify.com/playlist/37i9dQZF1DWZryfp6NSvtz,All New Rock,"897,583 saves",Spotify,https://open.spotify.com/user/spotify
https://open.spotify.com/playlist/7o3ffUs2KqI1BaMuvq1Mmc,Modern Rock Vibes,"31,604 saves",Virtue Playlists,https://open.spotify.com/user/3177hmrdfae4aozkha7p3quyyh34
https://open.spotify.com/playlist/7sSu6qwisYdKEyXWQ1YQ24,Indie,"33,790 saves",Virtue Playlists,https://open.spotify.com/user/3177hmrdfae4aozkha7p3quyyh34
https://open.spotify.com/playlist/37i9dQZF1DZ06evO2wfFJK,This Is Wednesday,"1,094 saves",Spotify,https://open.spotify.com/user/spotify
https://open.spotify.com/playlist/37i9dQZF1DWXJfnUiYjUKT,New Music Friday,"391,483 saves",Spotify,https://open.spotify.com/user/spotify
https://open.spotify.com/playlist/0NTe8coErKRxwh8pta6nl4,Nearer - An Ethel Cain Playlist,"37,782 saves",Hayden Horner,https://open.spotify.com/user/1281537168
https://open.spotify.com/playlist/37i9dQZF1DWT2SPAYawYcO,New Music Friday AU & NZ,"379,869 saves",Spotify,https://open.spotify.com/user/spotify
https://open.spotify.com/playlist/5X8lN5fZSrLnXzFtDEUwb9,NPR Music's New Music Friday,"73,959 saves",NPR Music,https://open.spotify.com/user/npr_music
https://open.spotify.com/playlist/37i9dQZF1DX4W3aJJYCDfV,New Music Friday UK,"860,567 saves",Spotify,https://open.spotify.com/user/spotify
https://open.spotify.com/playlist/37i9dQZF1DX8hcTuUCeYxa,Indie Brandneu,"169,156 saves",Spotify,https://open.spotify.com/user/spotify
https://open.spotify.com/playlist/2SJ4K6IpVlsaFEwUm9LcIJ,what dreams may come,"21,270 saves",margeaux,https://open.spotify.com/user/1220511975
https://open.spotify.com/playlist/37i9dQZF1DX7XNgsy4UFju,Indie All Stars,"159,554 saves",Spotify,https://open.spotify.com/user/spotify
https://open.spotify.com/playlist/37i9dQZF1DX5DfG8gQdC3F,New Music Friday Canada,"532,936 saves",Spotify,https://open.spotify.com/user/spotify
https://open.spotify.com/playlist/37i9dQZF1DWUa8WMYIRY8Y,Hot Alternative,"165,995 saves",Spotify,https://open.spotify.com/user/spotify
https://open.spotify.com/playlist/37i9dQZF1DX742okrrpwah,New Music Friday France,"351,580 saves",Spotify,https://open.spotify.com/user/spotify
https://open.spotify.com/playlist/37i9dQZF1DXc57cuGAMEkA,New Music Friday Japan,"110,957 saves",Spotify,https://open.spotify.com/user/spotify
https://open.spotify.com/playlist/37i9dQZF1DWVTKDs2aOkxu,The Indie List,"730,318 saves",Spotify,https://open.spotify.com/user/spotify
https://open.spotify.com/playlist/7f9o34JAe8ZSRq4GX7f0Ol,Pitchfork Selects,"58,079 saves",Pitchfork,https://open.spotify.com/user/pitchfork
https://open.spotify.com/playlist/37i9dQZF1DXbBvGj4yKFAG,side effects,"94,923 saves",Spotify,https://open.spotify.com/user/spotify
https://open.spotify.com/playlist/37i9dQZF1DX2aneNMeYHQ8,Rockin' Vibes,"627,956 saves",Spotify,https://open.spotify.com/user/spotify
https://open.spotify.com/playlist/37i9dQZF1DXb5BKLTO7ULa,New Music Friday NL,"264,240 saves",Spotify,https://open.spotify.com/user/spotify
https://open.spotify.com/playlist/37i9dQZF1DWYFysGpUi8gb,melomania,"318,830 saves",Spotify,https://open.spotify.com/user/spotify
https://open.spotify.com/playlist/5rU78gBuE0VwaZ2i8ymsP6,Future Nostalgia,"14,291 saves",Colbie Neider-Coomes,https://open.spotify.com/user/31x2wmqawvzbw5znykv3dwhrtmiy
https://open.spotify.com/playlist/6i0kOJ1KWahQIRSwWr3mOo,"New Alternative 40 Chart | Indie, Alt & Rock Updated Weekly","15,027 saves",Derek,https://open.spotify.com/user/1220172015
https://open.spotify.com/playlist/3SDdqZGhWhEGNSFDV1QutR,house music ü©∏,"2,688 saves",Waxahatchee,https://open.spotify.com/user/waxahatchee
https://open.spotify.com/playlist/5uUlI01PdcKFSWJcvsf46X,Outsider Folk Rock Baby,"5,581 saves""url,playlistName,saves
https://open.spotify.com/playlist/37i9dQZF1DXb9izPIc0SCS,Indie Rock Hits,""694,382 saves",Magic Nothing,https://open.spotify.com/user/1rb1mxm1r3wceiyjqhr8v8tj9
https://open.spotify.com/playlist/37i9dQZF1DX9LbdoYID5v7,The 2000s Indie Scene,"499,913 saves",Spotify,https://open.spotify.com/user/spotify
https://open.spotify.com/playlist/37i9dQZF1DZ06evO1zvO0w,This Is Grizzly Bear,"12,543 saves",Spotify,https://open.spotify.com/user/spotify
https://open.spotify.com/playlist/37i9dQZF1DX26DKvjp0s9M,Essential Indie,"983,531 saves",Spotify,https://open.spotify.com/user/spotify
https://open.spotify.com/playlist/2O18dCV9uoGTyxN5HLJkTo,twilight songs - in order of appearance,"226,392 saves",isabelle üçÇ,https://open.spotify.com/user/livthfa49q7opximeum9dwwox
https://open.spotify.com/playlist/0Sm64Lu6z1OK8yM3Oeo4Wx,Best indie songs of all time,"21,706 saves",Jen Affleck,https://open.spotify.com/user/jennifer.knupfer
https://open.spotify.com/playlist/37i9dQZF1DX8fxXxctv5B2,Coastal Drive,"180,808 saves",Spotify,https://open.spotify.com/user/spotify
https://open.spotify.com/playlist/79a86h0CeTF1sW8vpONSw9,Twilight Saga - Complete Soundtrack,"463,666 saves",KULTPOP!,https://open.spotify.com/user/ikd5w5sgnw6dbvzb3vfaycex8
https://open.spotify.com/playlist/37i9dQZF1DX0YKekzl0blG,Alternative 00s,"710,275 saves",Spotify,https://open.spotify.com/user/spotify
https://open.spotify.com/playlist/37i9dQZF1DX9GRpeH4CL0S,Essential Alternative,"749,785 saves",Spotify,https://open.spotify.com/user/spotify
https://open.spotify.com/playlist/37i9dQZF1DWVmFSstZWJmo,Indie Sleaze,"166,395 saves",Spotify,https://open.spotify.com/user/spotify
https://open.spotify.com/playlist/37i9dQZF1DXcyiNvJqewCy,The Picnic List,"165,197 saves",Spotify,https://open.spotify.com/user/spotify
https://open.spotify.com/playlist/5Av6VbvC17372uc3UP1GPn,Whoa-hoa-hoa-hoa-hoa season,"37,009 saves",veronikaku,https://open.spotify.com/user/veronikakuradchik
https://open.spotify.com/playlist/37i9dQZF1DX4WKDmViNbrh,Muzyka do pracy,"83,524 saves",Spotify,https://open.spotify.com/user/spotify
https://open.spotify.com/playlist/1cjgdAcievcDPDLumpNne6,How I Met Your Mother: Songs From The Show,"48,338 saves",Sam Madden,https://open.spotify.com/user/22vjqxdyjaaibnithofp5k3xq
https://open.spotify.com/playlist/37i9dQZF1DXajkNVL0LazE,00s Indie Folk,"101,472 saves",Spotify,https://open.spotify.com/user/spotify
https://open.spotify.com/playlist/0AmPefBC0ycNk94cMzgUAk,clean indie for work/class/chill vibes,"2,716 saves",spookylillia,https://open.spotify.com/user/rlenmec2j12rf4nzaxmxh2dae
https://open.spotify.com/playlist/37i9dQZF1DX17TxDoLeXxl,Mountain Air,"278,370 saves",Spotify,https://open.spotify.com/user/spotify
https://open.spotify.com/playlist/7mpMDTg0JEMAAbdoRewUF6,cozy cooking dinner vibes,"2,516 saves",Natalie Westcott,https://open.spotify.com/user/natalieawestcott
https://open.spotify.com/playlist/37i9dQZF1DWYJeWl6ior4d,Indie Klassiker,"328,297 saves",Spotify,https://open.spotify.com/user/spotify
https://open.spotify.com/playlist/12vj6nTcnOnc6qdrr6R6Xj,Crep√∫sculo - m√∫sicas da saga,"81,821 saves",Mariana Henrique,https://open.spotify.com/user/22txppdfmiqzdntxjcvlcfywa
https://open.spotify.com/playlist/37i9dQZF1DXe891Ptl9O2H,Indie Gold,"172,650 saves",Spotify,https://open.spotify.com/user/spotify
https://open.spotify.com/playlist/0VXpTUM9F0Wi3Uvn7hhOzL,autumn vibes,"27,727 saves",leane,https://open.spotify.com/user/r15106ffqi630arbfmowyfj76
https://open.spotify.com/playlist/4fhBSi0f2hin0D3yhqbob2,Blue Valentine Soundtrack,"5,897 saves",mspmonica,https://open.spotify.com/user/myungp
https://open.spotify.com/playlist/7iSEWNA9kKD2BSkPyI62hd,Songs like Champagne Coast,"16,763 saves",Delaney Reh,https://open.spotify.com/user/vu725n4lf26or6lhr4z78j6bk
https://open.spotify.com/playlist/74Cf34ZVKeYeVf2uDkVsta,Van Life Vibes üåÖ üöê üóª,"5,401 saves",SamJG,https://open.spotify.com/user/749eyrvg4h0g8n6qlkh67x6kp
https://open.spotify.com/playlist/4QtQpClHQ0yucWp6yys1CV,Past Lives Soundtrack (2023) | Official Playlist,"19,574 saves",lascancionesdelatele.com,https://open.spotify.com/user/lascancionesdelatele.com
https://open.spotify.com/playlist/37i9dQZF1DX2NwU6NbPUdo,Indie Classics,"148,057 saves",Spotify,https://open.spotify.com/user/spotify
https://open.spotify.com/playlist/0IfU77AQA22Xx0Spn0iPrt,twilight saga complete soundtracks,"87,909 saves",Annalise Boland,https://open.spotify.com/user/annaliseboland
https://open.spotify.com/playlist/37i9dQZF1DX33sAKOXmmb7,10s Indie Folk,"72,117 saves",Spotify,https://open.spotify.com/user/spotify
https://open.spotify.com/playlist/2Pxt3O13zVtK6duxltBHRT,The Ultimate Pub Playlist üçª,"6,884 saves",Connor Dunne,https://open.spotify.com/user/1188994908
https://open.spotify.com/playlist/37i9dQZF1DWZ36WmBvUunS,Indie Mixtape,"42,984 saves",Spotify,https://open.spotify.com/user/spotify
https://open.spotify.com/playlist/37i9dQZF1DZ06evO3UNp4c,This Is Feist,"25,076 saves""url,playlistName,saves
https://open.spotify.com/playlist/3WSBJIcsTqmrvPuDUj6ri9,Everything... Hozier,""222,245 saves",Spotify,https://open.spotify.com/user/spotify
https://open.spotify.com/playlist/1RwMuH8ub83gxleQ6ZbqLP,HOZIER SETLIST 2024 (updated 5/18),"7,480 saves",jennabell,https://open.spotify.com/user/jennabelll
https://open.spotify.com/playlist/0FgNIM2rtRT7WRA21hXRow,all hozier songs,"19,095 saves",Maddi Gray Gardner,https://open.spotify.com/user/gray.maddi13
https://open.spotify.com/playlist/1F0EsS6vIpuGa1mKGbXewL,Hozier Setlist August 2024,"1,994 saves",hoobee,https://open.spotify.com/user/js2i1vb83ty2iefuuvyzgeqfb
https://open.spotify.com/playlist/2TIcdWCae3LBf13GQDKK6g,Hozier songs ranked from ‚ÄúI have never loved anyone more‚Äù to ‚Äúplease let‚Äôs bang‚Äù,"57,311 saves",Mags,https://open.spotify.com/user/c0q5i9ubm0gq679oe09dll49k
https://open.spotify.com/playlist/5KJDMJe9EJ7QRz8FG2MIpI,BEST HITS 2024 üî• Popular Songs üéµ Top Music Hits üéµ,"270,704 saves",hotamazingnetwork,https://open.spotify.com/user/hotamazingnetwork
https://open.spotify.com/playlist/37i9dQZF1DXdrln2UyZD7F,La vie est belle,"910,604 saves",Spotify,https://open.spotify.com/user/spotify
https://open.spotify.com/playlist/4ixyNYbOmVoLpp6sttwrfs,"zach bryan, hozier, lumineers, noah kahan esque","72,781 saves",sarah l. ‚òÜ,https://open.spotify.com/user/316ox4eblj3n63k66cd66vkcpzre
https://open.spotify.com/playlist/5xeJ273JF7AaRZOd6LyGIs,Hozier: Unreal Unearth 2024 setlist,"8,293 saves",molly <3,https://open.spotify.com/user/op1ats99g0dy81cn7cfm720vo
https://open.spotify.com/playlist/4SWt6k4KUSNzmgRtCTzOKM,TIK TOK 2024 ‚ö°‚ö° SEPTEMBER 2024,"307,876 saves",partyfiesta!,https://open.spotify.com/user/partyfiesta%21
https://open.spotify.com/playlist/0JEHXFHF9K7WECiRMQBate,"hozier songs in scale of tender, feral, horny, to sacreligious","36,431 saves",agnes,https://open.spotify.com/user/12163261774
https://open.spotify.com/playlist/37i9dQZEVXbJvfa0Yxg7E7,Top 50 - Norway,"546,089 saves",Spotify,https://open.spotify.com/user/spotify
https://open.spotify.com/playlist/2R23ldYBurSnng1OZ4qiea,best of hozier,"4,121 saves",katiebee014,https://open.spotify.com/user/katiebee014
https://open.spotify.com/playlist/37i9dQZF1DX2vTOtsQ5Isl,TOP POP 2024,"119,840 saves",Spotify,https://open.spotify.com/user/spotify
https://open.spotify.com/playlist/37i9dQZF1DX99QlO9EobD7,Hity z radia 2024,"150,421 saves",Spotify,https://open.spotify.com/user/spotify
https://open.spotify.com/playlist/37i9dQZEVXbJPcfkRz0wJ0,Top 50 - Australia,"815,079 saves",Spotify,https://open.spotify.com/user/spotify
https://open.spotify.com/playlist/37i9dQZF1DXcgZcN2HVMoe,Morning Coffee,"341,241 saves",Spotify,https://open.spotify.com/user/spotify
https://open.spotify.com/playlist/1Ym9Uk1CVnGMWeStmN08tl,hozier setlist 2024,"22,807 saves",‚ú∞ melissa ‚ú∞,https://open.spotify.com/user/125941194
https://open.spotify.com/playlist/0gFS9YxMj6gsP9ESwN1OCm,"Cozy, cuddly fall music","17,332 saves",plv2003,https://open.spotify.com/user/plv2003
https://open.spotify.com/playlist/37i9dQZEVXbKCF6dqVpDkS,Top 50 - Netherlands,"915,571 saves",Spotify,https://open.spotify.com/user/spotify
https://open.spotify.com/playlist/37i9dQZF1DZ06evO2llutr,This Is Zach Bryan,"489,559 saves",Spotify,https://open.spotify.com/user/spotify
https://open.spotify.com/playlist/4Jb4PDWREzNnbZcOHPcZPy,COUNTRY HITS 2024 üî• New Country Songs + Top Hits,"354,566 saves",Spot,https://open.spotify.com/user/31heeg5wrzm67nrgtehxz23z2mmq
https://open.spotify.com/playlist/53lN6PC4QxIQBuhvwYkem5,Zach Bryan Most Popular,"42,787 saves",George Ru$$ell,https://open.spotify.com/user/31652lxj3c66ub27ttighml3gsc4
https://open.spotify.com/playlist/37i9dQZF1DX42rTd7wQPNO,coastal cowgirl,"207,613 saves",Spotify,https://open.spotify.com/user/spotify
https://open.spotify.com/playlist/37i9dQZF1DXcgZcN2HVMoe,Morning Coffee,"341,242 saves",Spotify,https://open.spotify.com/user/spotify
https://open.spotify.com/playlist/37i9dQZF1DX8eMyhtzAuvp,sweet september,"251,357 saves",Spotify,https://open.spotify.com/user/spotify
https://open.spotify.com/playlist/37i9dQZF1DWURugcFfOfEH,good energy,"389,963 saves",Spotify,https://open.spotify.com/user/spotify
https://open.spotify.com/playlist/2XC0eKqt45CrqQsJcrNYIX,Maggie Rogers 2024 Tour Set List,"2,743 saves",catherine,https://open.spotify.com/user/7gmvx2wbzvmky1bjwwefrtm43
https://open.spotify.com/playlist/37i9dQZF1DWVsh2vXzlKFb,Summer Indie,"564,584 saves",Spotify,https://open.spotify.com/user/spotify
https://open.spotify.com/playlist/37i9dQZF1DXa1BeMIGX5Du,Coffee + Chill,"563,746 saves",Spotify,https://open.spotify.com/user/spotify
https://open.spotify.com/playlist/3uF7jq7rjsFnfjVonrkiKn,ZACH BRYAN SET LIST 2024,"51,833 saves",phi‚ù§Ô∏è,https://open.spotify.com/user/jt15ki0qwakynvbkm15xf75tg
https://open.spotify.com/playlist/3FSvK3GkiECDMHeeIbbJIn,COUNTRY MUSIC 2024 üî• Top Country Hits + New Country Songs,"71,271 saves",Desi Gnio,https://open.spotify.com/user/31dpl3egrlppl77n7dgaya5a4u64
https://open.spotify.com/playlist/37i9dQZF1DX5KARSfd7WcM,Heartstopper: Official Playlist,"792,801 saves",Spotify,https://open.spotify.com/user/spotify
https://open.spotify.com/playlist/37i9dQZF1DWUJrRlgpYslH,Sunday Mood,"87,008 saves",Spotify,https://open.spotify.com/user/spotify
https://open.spotify.com/playlist/5hOH3HcnQon0lWreL9Tfwx,NANGIS AMPE MATA BENGKAK üò≠,"225,601 saves",@radionangis,https://open.spotify.com/user/31vitks5btv53w6tfu23bocixkm4
https://open.spotify.com/playlist/37i9dQZF1DX6cFbK8tUIPC,pumpkin spice,"441,743 saves",Spotify,https://open.spotify.com/user/spotify
https://open.spotify.com/playlist/37i9dQZF1DX8Dc28snyWrn,Fresh Air,"140,939 saves",Spotify,https://open.spotify.com/user/spotify
https://open.spotify.com/playlist/37i9dQZF1DX42c5TkSUfEb,Au calme,"767,964 saves",Spotify,https://open.spotify.com/user/spotify
https://open.spotify.com/playlist/37i9dQZF1DXbm6HfkbMtFZ,Feel Good Dinner,"727,442 saves",Spotify,https://open.spotify.com/user/spotify
https://open.spotify.com/playlist/37i9dQZF1DWTc452KG008d,Lazy Sunday,"349,802 saves",Spotify,https://open.spotify.com/user/spotify
https://open.spotify.com/playlist/37i9dQZF1DX4cizS4wQeF2,üíã Romcom üíã,"379,043 saves",Spotify,https://open.spotify.com/user/spotify
https://open.spotify.com/playlist/5COKctsCyWaCXNQinwbaAv,QUITTIN' TIME SET LIST 2024 ZACH BRYAN !!,"8,833 saves",brai,https://open.spotify.com/user/pmvjv8s9dd4woyphvvgauhfqn
https://open.spotify.com/playlist/37i9dQZF1DWWxrt1tiKYiX,Acoustic Pop,"149,578 saves",Spotify,https://open.spotify.com/user/spotify
https://open.spotify.com/playlist/37i9dQZF1DX1WY4wcXo9Hn,scarf season,"437,315 saves",Spotify,https://open.spotify.com/user/spotify
https://open.spotify.com/playlist/4nT7a5tJBNkWYhYCDdha4k,Maggie Rogers Complete Collection,"29,942 saves",Maggie Rogers,https://open.spotify.com/user/maggierogersofficial
https://open.spotify.com/playlist/37i9dQZF1DWVYHdtUb7Wil,Chilled Hits,"534,622 saves",Spotify,https://open.spotify.com/user/spotify
https://open.spotify.com/playlist/37i9dQZF1DX8fxXxctv5B2,Coastal Drive,"180,808 saves""url,playlistName,saves
https://open.spotify.com/playlist/5IgMN3bZH4eHR8n2jZoCHr,Good Vibes 2024 üåû Feel Good Playlist,""30,228 saves",Spotify,https://open.spotify.com/user/spotify
https://open.spotify.com/playlist/37i9dQZF1DXb9izPIc0SCS,Indie Rock Hits,"694,397 saves",Spotify,https://open.spotify.com/user/spotify
https://open.spotify.com/playlist/6j4w1woXd7xzGCNQoKrpY9,2000s Pop Hit Throwback,"145,903 saves",Jackhlee,https://open.spotify.com/user/jackhlee
https://open.spotify.com/playlist/37i9dQZF1DWVsh2vXzlKFb,Summer Indie,"564,583 saves",Spotify,https://open.spotify.com/user/spotify
https://open.spotify.com/playlist/37i9dQZF1DZ06evO1W2rpm,This Is GROUPLOVE,"19,820 saves",Spotify,https://open.spotify.com/user/spotify
https://open.spotify.com/playlist/13QBKWGO2VY1pc1RJz91YN,Summer 2024 ‚ú®üå∫‚òÄÔ∏èüçâüèÑüèº‚Äç‚ôÄÔ∏èüê¨ü™∏,"54,495 saves",millie mansfieldüßñ‚Äç‚ôÄÔ∏è,https://open.spotify.com/user/ccpy8b8mmsuk662xns1xfbs80
https://open.spotify.com/playlist/37i9dQZF1DWZq91oLsHZvy,Indie Running,"696,873 saves",Spotify,https://open.spotify.com/user/spotify
https://open.spotify.com/playlist/6DHD12EjGiRV9uSgIcnn4M,Roadtrip 2000-2024 üåá Best driving songs üöó,"99,219 saves",skye,https://open.spotify.com/user/qon9p4ro7d4cjfj1dsfw99k9z
https://open.spotify.com/playlist/4IGhC3VvBbVUy57QAgS5As,Alexandra's Summer üå∏ üéÄ,"70,068 saves",Alexandra Saint Mleux,https://open.spotify.com/user/31bvjgernqjojravrwnntshubxqq
https://open.spotify.com/playlist/4RRqG3hqSpBuhmFBE17rP7,CLEAN SUMMER PLAYLIST 2024üçâüê†‚òÄÔ∏èüá∫üá∏üèùÔ∏èüêöüòéüëôüõü,"29,810 saves",Katie,https://open.spotify.com/user/drummondkatie-us
https://open.spotify.com/playlist/37i9dQZF1DX8Dc28snyWrn,Fresh Air,"140,939 saves",Spotify,https://open.spotify.com/user/spotify
https://open.spotify.com/playlist/5oLTQcfxdPuhCMWkJECzNh,beach songs everyone knows üèÑ‚Äç‚ôÇ,"69,160 saves",anna,https://open.spotify.com/user/yf94xjsew0ck1uxbexbqucpgy
https://open.spotify.com/playlist/37i9dQZF1DWT3pfwRgyQMA,Songs We Rocked Out To,"658,227 saves",Spotify,https://open.spotify.com/user/spotify
https://open.spotify.com/playlist/0RH319xCjeU8VyTSqCF6M4,Happy songs everyone knows üòÑ üôå,"119,149 saves",skye,https://open.spotify.com/user/qon9p4ro7d4cjfj1dsfw99k9z
https://open.spotify.com/playlist/37i9dQZF1DWTSfIBZEEbY0,Just Try to Forget These Songs,"853,450 saves",Spotify,https://open.spotify.com/user/spotify
https://open.spotify.com/playlist/4wWfYQl42UvUEl9i8sxlqK,upbeat songs everyone knows,"11,515 saves",·è¢·éæ·éø·éØ·éø·éæ ü•î,https://open.spotify.com/user/jqd94uq7byvexuqpolirl1zp7
https://open.spotify.com/playlist/37i9dQZF1DX0u6E5bcKUrV,Pregame,"224,058 saves",Spotify,https://open.spotify.com/user/spotify
https://open.spotify.com/playlist/2supAoPJgyanj1EDv7VV6E,Cafe Vibes 2024 ‚òï Caf√© Songs,"8,314 saves",DistroCat,https://open.spotify.com/user/31ndyad4xan42lyjaicrmjl54sy4
https://open.spotify.com/playlist/37i9dQZF1DWSwyaV6GLT48,summer songs,"104,820 saves",Spotify,https://open.spotify.com/user/spotify
https://open.spotify.com/playlist/2AhU9s9UjUUJxVucXxPy6C,Clean bops that everyone knowsü§åüèºüíã,"5,342 saves",abigale,https://open.spotify.com/user/abi_m14
https://open.spotify.com/playlist/37i9dQZF1DX2DKrE9X6Abv,end credits,"758,257 saves",Spotify,https://open.spotify.com/user/spotify
https://open.spotify.com/playlist/6uhKIwBpVEX9loDnk4iOcM,FIFA 14 Soundtrack,"136,901 saves",EA SPORTS FC,https://open.spotify.com/user/easportsaudio
https://open.spotify.com/playlist/2NjcocrUZCh2il9A2q2wMZ,songs that feel like summer,"46,218 saves",mariannazegel,https://open.spotify.com/user/tyclivnsx4jc3c3zp73k2t4u1
https://open.spotify.com/playlist/37i9dQZF1DX2Vedp1NjGn9,Best of Indie 2011,"123,850 saves",Spotify,https://open.spotify.com/user/spotify
https://open.spotify.com/playlist/5BxqiXdL315dDipxbfKXdr,100 Most Uplifting Songs Ever,"47,221 saves",kieron,https://open.spotify.com/user/kieron
https://open.spotify.com/playlist/37i9dQZF1DX9GRpeH4CL0S,Essential Alternative,"749,790 saves",Spotify,https://open.spotify.com/user/spotify
https://open.spotify.com/playlist/7qf1aRjaEYCc9tmgVqji6K,frat songs that could resurrect me,"126,437 saves",Sarah,https://open.spotify.com/user/saraha724
https://open.spotify.com/playlist/2QYJ2pGnOYA1btNFpdadFL,songs like riptide so i don't have to listen to it over and over,"34,441 saves",cami,https://open.spotify.com/user/cam.directioner_pan_21
https://open.spotify.com/playlist/26MY3qVKQFBSqNMBshJZs8,2000-2010's pop car bangers,"13,583 saves",Jtelese,https://open.spotify.com/user/jdss0o4mjajn4sghworh4s10m
https://open.spotify.com/playlist/7Jm3IVBMpWYBGvM7LhAmt5,songs that feel like iris by the goo goo dolls,"40,307 saves""url,playlistName,saves
https://open.spotify.com/playlist/6rROKUewTqgd4Q8URc2rOB,The Best Of The 1975,""29,591 saves",Madeline,https://open.spotify.com/user/by2ou78o30b2cym3la92zpr67
https://open.spotify.com/playlist/2ggitti6kPhCgALkzhFe9V,The 1975: At Their Very Best,"187,437 saves",The 1975,https://open.spotify.com/user/the1975official
https://open.spotify.com/playlist/37i9dQZF1DX8Yh4s5ZlkHg,sexy indie,"292,670 saves",Spotify,https://open.spotify.com/user/spotify
https://open.spotify.com/playlist/2nzVCXza1cHdl0jk7vmdNQ,tiktok music - tiktok hits 2024,"107,573 saves",silva,https://open.spotify.com/user/62wzf85cq4gbj86et0m44dn0l
https://open.spotify.com/playlist/1YL12inP9LFSzPzfE8asHs,The 1975 (ALL SONGS),"20,654 saves",israeln89,https://open.spotify.com/user/israeln89
https://open.spotify.com/playlist/3CtvjBiuINIH1HARTEX6iZ,Playlist Gantengüòéüé∏,"68,330 saves",Farhan,https://open.spotify.com/user/31nlest2s6f7aigklg5qfmm6mhyu
https://open.spotify.com/playlist/5HYcN0QtDIinELcTIDKJqQ,the 1975 but you are in love,"8,235 saves",laura florean,https://open.spotify.com/user/vlt99b9r5etd1ukruwfxl7g1n
https://open.spotify.com/playlist/3mt7YKTwDZI4xoehun3uFQ,pov: breakdown malala pota,"146,789 saves",riri,https://open.spotify.com/user/22epnxi7s67nyxmdsrnivcpqy
https://open.spotify.com/playlist/1I1B7niPRbABeCmYTUr6cB,about you by the 1975 vibes,"96,317 saves",ìÜ©‚ô°ìÜ™,https://open.spotify.com/user/11146329490
https://open.spotify.com/playlist/3yu993u6IZwuE2kUphZoZt,para dormir m√°s agusto que un marihuano y so√±ar bonito,"33,066 saves",Degollamee,https://open.spotify.com/user/12136712682
https://open.spotify.com/playlist/5wgk5n5lzNnrILzRLQAjaM,3726 mdpl,"7,604 saves",zexgfrela,https://open.spotify.com/user/z0mu7bptr7gvsgeeo0a0vwcjw
https://open.spotify.com/playlist/4Eaqv2ZjzoQmG0myohWtYi,songs that feel like fall üçÇ,"20,554 saves",danielle,https://open.spotify.com/user/danielle.rosselli
https://open.spotify.com/playlist/5FLQwY1dXZlmgzGrxhlgsI,is it casual NOW?,"24,953 saves",hayden,https://open.spotify.com/user/kaylin_thompson
https://open.spotify.com/playlist/0VTTnJgEPcBYWKddDZ7iwo,pampaantok kapag matutulog nako,"39,382 saves",irxee.,https://open.spotify.com/user/nj1ia2gv4ccv5f6n3lqu6d71f
https://open.spotify.com/playlist/1V4QL33vsALvljElabTpxq,Early Morning Playlist ‚ú®Ô∏èüå∑,"10,963 saves",Kristyy~,https://open.spotify.com/user/31adkhghoykrtlmcme2jjdrlq4wy
https://open.spotify.com/playlist/5hOH3HcnQon0lWreL9Tfwx,NANGIS AMPE MATA BENGKAK üò≠,"225,602 saves",@radionangis,https://open.spotify.com/user/31vitks5btv53w6tfu23bocixkm4
https://open.spotify.com/playlist/1KNXViwIUuEnALLR9iSBFu,The 1975 - 2024 Tour Setlist,"29,768 saves",ryan_conlon17,https://open.spotify.com/user/ryan_conlon17
https://open.spotify.com/playlist/37i9dQZF1DX26DKvjp0s9M,Essential Indie,"983,530 saves",Spotify,https://open.spotify.com/user/spotify
https://open.spotify.com/playlist/5DZ3eCEppgPdCa2xzZldDO,fall in love eraaa >>>üíìü§¶ü´Çü§Øü•∞üå∑üòªüíòü§ïüë©‚Äç‚ù§Ô∏è‚Äçüë®,"28,795 saves",31jmurkfnolgzhsk6mdhe4ge5t6a,https://open.spotify.com/user/31jmurkfnolgzhsk6mdhe4ge5t6a
https://open.spotify.com/playlist/6eaqDVc9ikOvOvXRhgZ08V,comfy autumn playlist üéßüçÇ,"20,074 saves",cloud Àö. ·µé·µé üçì,https://open.spotify.com/user/up3elfh4u1q5whlpemohg2b5i
https://open.spotify.com/playlist/37i9dQZF1DX2DKrE9X6Abv,end credits,"758,259 saves",Spotify,https://open.spotify.com/user/spotify
https://open.spotify.com/playlist/4Odf5NhM33TX911bZGbNbL,canciones para llorar y deprimirte hasta dormirte :(,"105,921 saves",nai.camss ‚òÜ,https://open.spotify.com/user/3odb7ox244ubsfdpniskhs79a
https://open.spotify.com/playlist/1peeNwvoRuqre9rLsojgOX,THE 1975 COMPLETE,"2,138 saves",yn,https://open.spotify.com/user/lwu8kerkww8ppivrrkmlfyrfj
https://open.spotify.com/playlist/37i9dQZF1DXbO6rt3GhXDY,Indie Pop Hits,"149,192 saves",Spotify,https://open.spotify.com/user/spotify
https://open.spotify.com/playlist/2vWePca8eEu5LhzG1kkJM6,Living in a 2000s rom com,"161,933 saves",kenzskinner,https://open.spotify.com/user/54lmrfdhfmeywjunvcbfzmvik
https://open.spotify.com/playlist/37i9dQZF1DXcsT4WKI8W8r,Music for a Workday,"312,121 saves",Spotify,https://open.spotify.com/user/spotify
https://open.spotify.com/playlist/37i9dQZF1DWWbVYL1LBbVy,10 Years of Heartache,"808,459 saves",Spotify,https://open.spotify.com/user/spotify
https://open.spotify.com/playlist/40uIwA04SQ2fIQZc3x2Egr,The 1975 sad/slow songs,"1,852 saves",kay,https://open.spotify.com/user/1qd43sz4yrgpc234o7q53phv1
https://open.spotify.com/playlist/1wGvZaCEXwHLgYY5umo3XR,The 1975 setlist 2024 ‚éï,"8,305 saves",Rayanne2102,https://open.spotify.com/user/ob3ay7gezy5ivtup38t4tg8kr
https://open.spotify.com/playlist/6fCcvvd02htRvdNrnTfhIG,butterfly era ü¶ãüíçüíóüíêüíÉ,"43,268 saves",nia,https://open.spotify.com/user/31nflbhb6n7xpykdmtkrv5mqpcea
https://open.spotify.com/playlist/2JtMCwq7aSoxf4EACEqZL9,LAGU INGGRIS SAD VIBESü§ç‚ú®,"76,010 saves",Playlst Recordings,https://open.spotify.com/user/31ytfhkn5yyfcm2n7ashbzapfh64
https://open.spotify.com/playlist/37i9dQZF1DWVTfbQdQ8l7H,10s Love Songs,"594,967 saves""url,playlistName,saves
https://open.spotify.com/playlist/3bZTQGrvewbkJJe6UpTFKc,studying like rory gilmore,""125,669 saves",Spotify,https://open.spotify.com/user/spotify
https://open.spotify.com/playlist/37i9dQZF1DXb9izPIc0SCS,Indie Rock Hits,"694,400 saves",Spotify,https://open.spotify.com/user/spotify
https://open.spotify.com/playlist/37i9dQZF1DZ06evO2yrMWI,This Is Dr. Dog,"16,956 saves",Spotify,https://open.spotify.com/user/spotify
https://open.spotify.com/playlist/37i9dQZF1DWUCQ155jGb0U,Rock Me,"512,656 saves",Spotify,https://open.spotify.com/user/spotify
https://open.spotify.com/playlist/37i9dQZF1DXahsxs9xh0fn,fall feels,"97,351 saves",Spotify,https://open.spotify.com/user/spotify
https://open.spotify.com/playlist/55Og8jibOPsVpsDvO17kr0,romanticizing studying - calm vibes,"177,681 saves",natalia,https://open.spotify.com/user/57fbz1kndvc0aekr7w401phml
https://open.spotify.com/playlist/4Odf5NhM33TX911bZGbNbL,canciones para llorar y deprimirte hasta dormirte :(,"105,921 saves",nai.camss ‚òÜ,https://open.spotify.com/user/3odb7ox244ubsfdpniskhs79a
https://open.spotify.com/playlist/4ofywy1Z3LbiSTlmSLPR0s,Hopecore Songs 2024,"80,738 saves",Bluebanda,https://open.spotify.com/user/utuwmlqmahjuvq5xd4dkmgbzy
https://open.spotify.com/playlist/4Eaqv2ZjzoQmG0myohWtYi,songs that feel like fall üçÇ,"20,556 saves",danielle,https://open.spotify.com/user/danielle.rosselli
https://open.spotify.com/playlist/37i9dQZF1DWULq23fLWDsl,Best of Indie 2010,"279,733 saves",Spotify,https://open.spotify.com/user/spotify
https://open.spotify.com/playlist/7u462zYpYcgQWgsOR6lxGy,Chill musicüò¥,"30,626 saves",Anthony,https://open.spotify.com/user/anthonyhendrix17
https://open.spotify.com/playlist/37i9dQZF1DX2DKrE9X6Abv,end credits,"758,261 saves",Spotify,https://open.spotify.com/user/spotify
https://open.spotify.com/playlist/37i9dQZF1DX9LbdoYID5v7,The 2000s Indie Scene,"499,915 saves",Spotify,https://open.spotify.com/user/spotify
https://open.spotify.com/playlist/7oKfi7K8WUOetawBJGuUNV,Clean Work Playlist (90s-2023) original üòé,"23,637 saves",Benny,https://open.spotify.com/user/benny27zhang
https://open.spotify.com/playlist/0XNeycwzq4GzLAYE3eUxcx,Sad Songs,"10,209 saves",Playlist,https://open.spotify.com/user/31ds7ptecqwr2mjcqrzvgwiz2g5q
https://open.spotify.com/playlist/37i9dQZF1DX17TxDoLeXxl,Mountain Air,"278,369 saves",Spotify,https://open.spotify.com/user/spotify
https://open.spotify.com/playlist/6u2kDcD8S7EmEZtOUsoUco,staring at the ceiling at 3am,"273,097 saves",dyldion playlists,https://open.spotify.com/user/dcstrevell
https://open.spotify.com/playlist/4RRqG3hqSpBuhmFBE17rP7,CLEAN SUMMER PLAYLIST 2024üçâüê†‚òÄÔ∏èüá∫üá∏üèùÔ∏èüêöüòéüëôüõü,"29,811 saves",Katie,https://open.spotify.com/user/drummondkatie-us
https://open.spotify.com/playlist/2NjcocrUZCh2il9A2q2wMZ,songs that feel like summer,"46,218 saves",mariannazegel,https://open.spotify.com/user/tyclivnsx4jc3c3zp73k2t4u1
https://open.spotify.com/playlist/5vEr8prG4Q5IaRRe9uAQWx,Es confuso ¬øVerdad?,"74,157 saves",So√±ador,https://open.spotify.com/user/22nyusbghyrrqmcmhrngselkq
https://open.spotify.com/playlist/2Hzu7EJgJtidH1JDVcANxI,Inseguridades :(,"8,029 saves",Diego P√©rez,https://open.spotify.com/user/31kgfldgs5n5xfztwhtkghmsw7ru
https://open.spotify.com/playlist/1xMY29RLJaA97xM3Xjw2ut,"moving out, leaving home","4,787 saves",Jessica Holmes,https://open.spotify.com/user/t1stu9kdxon58z7nipop19zeb
https://open.spotify.com/playlist/44Hkqs78GDcE7D2DhWFqiH,M√∫sicas para dormir e relaxar a menteüñ§üåßÔ∏è,"46,934 saves",FR Music,https://open.spotify.com/user/6lmjp9o9jtr72y8re3nybndk9
https://open.spotify.com/playlist/6l9Z1l8x4yBgY9MD9oog6W,Hiking Playlist 2024,"10,993 saves",Cozy Universe,https://open.spotify.com/user/1111278327
https://open.spotify.com/playlist/3cax60xVtw0CwIu0SomXSO,falling asleep playlist üí§,"5,760 saves",ilmews,https://open.spotify.com/user/ilmews
https://open.spotify.com/playlist/10B6zySvb25USKTcxjcKB1,HALLOWEEN VIBES üçÇ SPOOKY INDIE FALL,"172,049 saves",Filtr US,https://open.spotify.com/user/myplay.com
https://open.spotify.com/playlist/0jy25mI0UIbAEn9h8bYdW7,pov: it's your senior year,"4,387 saves",kennidee bryant,https://open.spotify.com/user/g6tfe9qougzwwy2xcm0gzxw1c
https://open.spotify.com/playlist/3sREbslsLCnp15LWg8ilzc,calm music playlist,"46,932 saves",_tansspotify,https://open.spotify.com/user/31peirek5kcimbghszpr3cgjxfky
https://open.spotify.com/playlist/3eRDrCYLPbpbrK6xdw8AyO,inggris tiktok viral song,"47,878 saves",lndyalmraa,https://open.spotify.com/user/31pvgypjnvjxyooliqcyarhfeahu
https://open.spotify.com/playlist/2supAoPJgyanj1EDv7VV6E,Cafe Vibes 2024 ‚òï Caf√© Songs,"8,314 saves",DistroCat,https://open.spotify.com/user/31ndyad4xan42lyjaicrmjl54sy4
https://open.spotify.com/playlist/0dZ4X77QmHUCOeG24g4fD2,I'm just a kid...: a {vent} playlist,"14,402 saves",Lillian <3,https://open.spotify.com/user/mo7qrbv4qjehnws3cfnke5gpy
https://open.spotify.com/playlist/2201RxtQUAgn2MEfZAq4FJ,birds of a feather vibes,"13,993 saves",j~,https://open.spotify.com/user/johnnyabante
https://open.spotify.com/playlist/37i9dQZF1DX2FJ4E5eMYdk,Psych & Groove,"170,668 saves",Spotify,https://open.spotify.com/user/spotify
https://open.spotify.com/playlist/0l4pQyHBQbkW2alIE7iUgp,gilmore girls fallüçÇüçÅ,"53,427 saves""url,playlistName,saves
https://open.spotify.com/playlist/37i9dQZF1DX4gWghK0svuI,Cottage Days,""45,908 saves",livlove,https://open.spotify.com/user/olove-9
https://open.spotify.com/playlist/37i9dQZF1DX9B1hu73DioC,Indie Chillout,"837,994 saves",Spotify,https://open.spotify.com/user/spotify
https://open.spotify.com/playlist/63eNRyVfTEGjGDmMkvuSpl,Discover Daily,"11,157 saves",Max Lythgoe,https://open.spotify.com/user/12184401388
https://open.spotify.com/playlist/37i9dQZF1DX6uhsAfngvaD,Dreampop,"310,632 saves",Spotify,https://open.spotify.com/user/spotify
https://open.spotify.com/playlist/37i9dQZF1DX4HvY8T59VN2,Chilled Indie,"73,583 saves",Spotify,https://open.spotify.com/user/spotify
https://open.spotify.com/playlist/0OUn84QARCLRe9xyUHjIBh,"Autumn/Fall Indie üçÇ | alexrainbirdMusic (Folk, Pop, Acoustic)","18,798 saves",alexrainbirdMusic,https://open.spotify.com/user/alxrnbrdmusic
https://open.spotify.com/playlist/37i9dQZF1DX0x36cwEyOTG,Peaceful Ambient Indie,"425,287 saves",Spotify,https://open.spotify.com/user/spotify
https://open.spotify.com/playlist/07jdYS2Ayoyq0fqcgmAvcZ,Indie / Folk,"7,868 saves",Penny King,https://open.spotify.com/user/317n2bzgfhfza2z6cf67vhrqj7oe
https://open.spotify.com/playlist/5VS822gRfPM26j4CPZ4m1R,Nice Guys | 24/7 Radio,"17,176 saves",Nice Guys,https://open.spotify.com/user/vns8t2j9vmjlada5b8ximt9jc
https://open.spotify.com/playlist/1DzxqxWb84ci6bgGfLMZ2L,Indie/Indie-Folk Compilation - Autumn/Fall 2021 üçÇ (alexrainbirdMusic),"2,686 saves",alexrainbirdMusic,https://open.spotify.com/user/alxrnbrdmusic
https://open.spotify.com/playlist/37i9dQZF1DXbZndSu0dHeI,The Lovely Little Playlist,"226,310 saves",Spotify,https://open.spotify.com/user/spotify
https://open.spotify.com/playlist/4Riw4GkO8nxyzUiMpcwTSI,dream pop,"3,183 saves",Jeny,https://open.spotify.com/user/31y2ij6blymqvyzsfegfyyu74l4y
https://open.spotify.com/playlist/7nVK6tTGnA84DPBhco5YJO,COSY INDIE,"10,731 saves",RHYTHM REVOLUTION,https://open.spotify.com/user/31b4p4ce2oufklegddn63mw3ksyq
https://open.spotify.com/playlist/5Egy2rAOj9vmzxg3WsyUXC,indie chill time,"5,948 saves",take it easy,https://open.spotify.com/user/31lkjdo4f5qcmikzkr77poixe6hm
https://open.spotify.com/playlist/5urJZrPLwXvHY77AeQqi4L,rory gilmore core,"3,962 saves",caroline smith,https://open.spotify.com/user/ffalupv71ffirloppo3y1az3j
https://open.spotify.com/playlist/25i3fNdAop4oZvJWRkkgip,dakotaz jaMz,"14,860 saves",Dakotaz,https://open.spotify.com/user/brettsoft
https://open.spotify.com/playlist/6NEOoFfEGDNQetYBwMEf52,Spacey Slow Psychedelic,"1,398 saves",Joel Craven,https://open.spotify.com/user/jcrav32
https://open.spotify.com/playlist/33qv6FVZ5a4iuyFgjVTQNx,Indie Hits,"15,072 saves",you do you,https://open.spotify.com/user/sqaxo10bb1ydly83q5hx9e9js
https://open.spotify.com/playlist/37i9dQZF1DWXOVaQoSQKTV,Never Have I Ever Official Playlist,"106,504 saves",Spotify,https://open.spotify.com/user/spotify
https://open.spotify.com/playlist/37i9dQZF1DX2PfO7FL9zWG,Folk Favourites,"70,393 saves",Spotify,https://open.spotify.com/user/spotify
https://open.spotify.com/playlist/7Mfqk1fr8XeaK3zYbSG3ay,Indie Alternative l Nice Guys,"65,084 saves",Nice Guys,https://open.spotify.com/user/vns8t2j9vmjlada5b8ximt9jc
https://open.spotify.com/playlist/49I1wrkyFCrLPYhAIjbKjZ,Indie Flow,"27,109 saves",Gobi Desert Collective,https://open.spotify.com/user/7sj8zj2mq41yrtbqxl71ysrb5
https://open.spotify.com/playlist/37i9dQZF1DX915ogFalrko,D√Æner entre amis,"170,130 saves",Spotify,https://open.spotify.com/user/spotify
https://open.spotify.com/playlist/0oD5aLzUQiIomu805F3xDH,Dreampop & Shoegaze,"22,577 saves",caden.shortridge,https://open.spotify.com/user/caden.shortridge
https://open.spotify.com/playlist/2nGcEHyXCOyyFel2c72mUi,The Killers: Best Of,"239,389 saves",thekillers,https://open.spotify.com/user/thekillers
https://open.spotify.com/playlist/7EGOMcYdA88e48o0Up416C,The Killers Set List 2024ü§©,"4,326 saves",char ü¶≠,https://open.spotify.com/user/pw1thomas
https://open.spotify.com/playlist/3Z7fIVX3AWyZTrVOXZrPBQ,GYM ROCK | WORKOUT 2024 üí™üèª,"186,220 saves",Gym Rock,https://open.spotify.com/user/31spxdq7smhvy35cb7sel6g2kxse
https://open.spotify.com/playlist/5sLDPA9URd5CK9Wn4BBoZY,EXITOS THE KILLERS,"5,161 saves",Mayela Casta√±eda,https://open.spotify.com/user/1279970712
https://open.spotify.com/playlist/6DHD12EjGiRV9uSgIcnn4M,Roadtrip 2000-2024 üåá Best driving songs üöó,"99,229 saves",skye,https://open.spotify.com/user/qon9p4ro7d4cjfj1dsfw99k9z
https://open.spotify.com/playlist/0zjkulLqzJ6zaE79YuMXnM,"The Killers 2024 Tour Setlist, supports and new music","20,803 saves","Setlists, Fests and New Music",https://open.spotify.com/user/beauers89
https://open.spotify.com/playlist/3Kf7o6EFg8x4bn5pdh8JNr,the killers greatest hits,"3,994 saves",rosa,https://open.spotify.com/user/42hi73nc7zdmmb79gpqir3qur
https://open.spotify.com/playlist/6j4w1woXd7xzGCNQoKrpY9,2000s Pop Hit Throwback,"145,910 saves",Jackhlee,https://open.spotify.com/user/jackhlee
https://open.spotify.com/playlist/61jNo7WKLOIQkahju8i0hw,100 Greatest Rock Songs,"71,289 saves",Topsify Australia,https://open.spotify.com/user/popmob
https://open.spotify.com/playlist/1Mcl9Xr02cRZzvznY9vcNi,The Killers - As melhores,"2,710 saves",Diego Fernandes,https://open.spotify.com/user/l3ke_
https://open.spotify.com/playlist/37i9dQZEVXbJPcfkRz0wJ0,Top 50 - Australia,"815,079 saves",Spotify,https://open.spotify.com/user/spotify
https://open.spotify.com/playlist/37i9dQZF1DX9vEn8vBG5Y1,,"200,479 saves",undefined,
https://open.spotify.com/playlist/37i9dQZF1DX9GRpeH4CL0S,,"749,789 saves",undefined,
https://open.spotify.com/playlist/37i9dQZF1DX9LbdoYID5v7,,"499,915 saves",undefined,
https://open.spotify.com/playlist/37i9dQZF1DX5a39zUmS7Hn,Legends Only,"492,767 saves",Spotify,https://open.spotify.com/user/spotify
https://open.spotify.com/playlist/5WJRDPPZJQ2h23dxMwF7mE,Mr. Brightside For 10 Hours,"4,313 saves",good-golly-missmolly,https://open.spotify.com/user/good-golly-missmolly
https://open.spotify.com/playlist/76iQv4c5qSM4AgvXph4rJu,Early 2000s Punk Rock,"74,751 saves",Spenny,https://open.spotify.com/user/idveyt7fy2xs4df9vw9ti1nrf
https://open.spotify.com/playlist/37i9dQZF1DWXeOurMWUII5,,"779,283 saves",undefined,
https://open.spotify.com/playlist/05jzobshraN4wg2ZX3cJSX,Upbeat Office Clean Mix,"12,768 saves",mepitch12,https://open.spotify.com/user/mepitch12
https://open.spotify.com/playlist/37i9dQZF1DX0YKekzl0blG,Alternative 00s,"710,276 saves",Spotify,https://open.spotify.com/user/spotify
https://open.spotify.com/playlist/37i9dQZF1DWVqJMsgEN0F4,,"602,396 saves",undefined,
https://open.spotify.com/playlist/37i9dQZF1DX0b1hHYQtJjp,Just Good Music,"909,978 saves",Spotify,https://open.spotify.com/user/spotify
https://open.spotify.com/playlist/37i9dQZF1DZ06evO0skD9m,This Is MGMT,"105,541 saves",Spotify,https://open.spotify.com/user/spotify
https://open.spotify.com/playlist/2VdPwVMqEGb6dwQVRlC88L,White girl bangers üíÉüíÖüï∫üí¶ü™©üíÑ,"98,154 saves",Fake Lenny,https://open.spotify.com/user/a82mb2vilkl9gdit0djha60qd
https://open.spotify.com/playlist/37i9dQZF1DX9LbdoYID5v7,The 2000s Indie Scene,"499,915 saves",Spotify,https://open.spotify.com/user/spotify
https://open.spotify.com/playlist/37i9dQZF1DXb9izPIc0SCS,Indie Rock Hits,"694,413 saves",Spotify,https://open.spotify.com/user/spotify
https://open.spotify.com/playlist/37i9dQZF1DWWmsWPbM2pKT,Darkwave,"358,072 saves",Spotify,https://open.spotify.com/user/spotify
https://open.spotify.com/playlist/37i9dQZF1DWVsh2vXzlKFb,Summer Indie,"564,584 saves",Spotify,https://open.spotify.com/user/spotify
https://open.spotify.com/playlist/37i9dQZF1DX5DYkVgiO6RF,Night Drive,"467,515 saves",Spotify,https://open.spotify.com/user/spotify
https://open.spotify.com/playlist/37i9dQZF1DWXeOurMWUII5,2000er Hits,"779,285 saves",Spotify,https://open.spotify.com/user/spotify
https://open.spotify.com/playlist/37i9dQZF1DX1S89tRXh2OS,Sur la route,"468,324 saves",Spotify,https://open.spotify.com/user/spotify
https://open.spotify.com/playlist/37i9dQZF1DX0YKekzl0blG,Alternative 00s,"710,276 saves",Spotify,https://open.spotify.com/user/spotify
https://open.spotify.com/playlist/6QYQQWUQ14VxtOyju93Hn6,OLD SUMMER VIBES üåÖ,"165,734 saves",JoMann,https://open.spotify.com/user/xwy6x5qebzkrt6rk9s65lfls1
https://open.spotify.com/playlist/37i9dQZF1DWVmFSstZWJmo,Indie Sleaze,"166,403 saves",Spotify,https://open.spotify.com/user/spotify
https://open.spotify.com/playlist/37i9dQZF1DX9GRpeH4CL0S,Essential Alternative,"749,790 saves",Spotify,https://open.spotify.com/user/spotify
https://open.spotify.com/playlist/4RRqG3hqSpBuhmFBE17rP7,CLEAN SUMMER PLAYLIST 2024üçâüê†‚òÄÔ∏èüá∫üá∏üèùÔ∏èüêöüòéüëôüõü,"29,812 saves",Katie,https://open.spotify.com/user/drummondkatie-us
https://open.spotify.com/playlist/37i9dQZF1DWTUoU0bd0p84,Summer Hits of the 00s,"385,351 saves",Spotify,https://open.spotify.com/user/spotify
https://open.spotify.com/playlist/37i9dQZF1DWSwyaV6GLT48,summer songs,"104,821 saves",Spotify,https://open.spotify.com/user/spotify
https://open.spotify.com/playlist/69iMzXWIJDSEMrCqgBq7nr,Indie Rock Hits üé∏,"254,013 saves",oceanify,https://open.spotify.com/user/m91zhgclzoujm5x6i1ods2wsu
https://open.spotify.com/playlist/7GLUzbIwVGzQncTELBnmE6,2000s Rock Bangers,"105,475 saves",Alex Dub√©,https://open.spotify.com/user/adube2121
https://open.spotify.com/playlist/37i9dQZF1DX3asLxmR3A9e,Best of Indie 2014,"79,306 saves",Spotify,https://open.spotify.com/user/spotify
https://open.spotify.com/playlist/4y85MI3qRoui5GPSHWl8Op,FIFA Bangers - Best Of All Time,"123,107 saves",Happy Vibes,https://open.spotify.com/user/9saqdc9ax0rehxsiyhydswftg
https://open.spotify.com/playlist/10B6zySvb25USKTcxjcKB1,HALLOWEEN VIBES üçÇ SPOOKY INDIE FALL,"172,046 saves",Filtr US,https://open.spotify.com/user/myplay.com
https://open.spotify.com/playlist/37i9dQZF1DWTjn0sIjPI7h,Festival Anthems,"60,274 saves",Spotify,https://open.spotify.com/user/spotify
https://open.spotify.com/playlist/37i9dQZF1DX26DKvjp0s9M,Essential Indie,"983,530 saves",Spotify,https://open.spotify.com/user/spotify
https://open.spotify.com/playlist/6j4w1woXd7xzGCNQoKrpY9,2000s Pop Hit Throwback,"145,914 saves",Jackhlee,https://open.spotify.com/user/jackhlee
https://open.spotify.com/playlist/37i9dQZF1DWULq23fLWDsl,Best of Indie 2010,"279,739 saves",Spotify,https://open.spotify.com/user/spotify
https://open.spotify.com/playlist/7oyXbjMYjGdq2ilcsQt94P,GOSSIP GIRL SOUNDTRACK,"503,202 saves",Oli.R,https://open.spotify.com/user/p9j08ntu7nht8l3uihibc1ac6
https://open.spotify.com/playlist/0x1JwnJC2VlsXSZs87F6TZ,Sommer Hits 2024 üåû Summer 2024 üå¥,"23,129 saves",Filtr Germany,https://open.spotify.com/user/playlists.germany
https://open.spotify.com/playlist/4STbYLlbXgAHGLAvG63plm,BEST RUNNING PLAYLIST ‚≠êÔ∏è,"45,643 saves",TORYDODD,https://open.spotify.com/user/helenalfrick
https://open.spotify.com/playlist/37i9dQZF1DWYJeWl6ior4d,Indie Klassiker,"328,299 saves",Spotify,https://open.spotify.com/user/spotify
https://open.spotify.com/playlist/37i9dQZF1DX9vEn8vBG5Y1,00s Pop Rock,"200,485 saves",Spotify,https://open.spotify.com/user/spotify
https://open.spotify.com/playlist/004dqYVVhtQE3YcHUAH2DS,*‡≥É‡ºÑ autumnüçÇ‚òïÔ∏èüïØÔ∏è,"72,053 saves",Eve ‚òÖ,https://open.spotify.com/user/iwhiycrk5dsbqg2ikb32qaegr
https://open.spotify.com/playlist/37i9dQZF1DX6KOz8PNkOlS,Soft Office,"472,527 saves",Spotify,https://open.spotify.com/user/spotify
https://open.spotify.com/playlist/37i9dQZF1DX8Yh4s5ZlkHg,sexy indie,"292,843 saves",Spotify,https://open.spotify.com/user/spotify
https://open.spotify.com/playlist/37i9dQZF1DXbm6HfkbMtFZ,Feel Good Dinner,"727,445 saves",Spotify,https://open.spotify.com/user/spotify
https://open.spotify.com/playlist/37i9dQZF1DX2ogDiL6nZJr,Van Life,"801,600 saves",Spotify,https://open.spotify.com/user/spotify
https://open.spotify.com/playlist/37i9dQZF1DX2UQ1I1FrJsu,Wine Bar,"80,983 saves",Spotify,https://open.spotify.com/user/spotify
https://open.spotify.com/playlist/37i9dQZF1DWYRdd9noPgqB,Feel Good,"291,433 saves",Spotify,https://open.spotify.com/user/spotify
https://open.spotify.com/playlist/37i9dQZF1DX915ogFalrko,D√Æner entre amis,"170,129 saves",Spotify,https://open.spotify.com/user/spotify
https://open.spotify.com/playlist/37i9dQZF1DX2yvmlOdMYzV,Lowkey,"943,930 saves",Spotify,https://open.spotify.com/user/spotify
https://open.spotify.com/playlist/73zuifQrlAAPRwO9X8BGit,Best of Cleo Solüåª,"4,320 saves",Naomichisom,https://open.spotify.com/user/nu5tpuf29o3ns8fs3nchphi14
https://open.spotify.com/playlist/37i9dQZF1DX6AWGsjpYHPA,Turntable,"153,985 saves",Spotify,https://open.spotify.com/user/spotify
https://open.spotify.com/playlist/37i9dQZF1DX4HvY8T59VN2,Chilled Indie,"73,584 saves",Spotify,https://open.spotify.com/user/spotify
https://open.spotify.com/playlist/37i9dQZF1DXcy0AaElSqwE,Arkada √áalsƒ±n,"542,893 saves",Spotify,https://open.spotify.com/user/spotify
https://open.spotify.com/playlist/37i9dQZF1DXaXDsfv6nvZ5,Soul Coffee,"762,088 saves",Spotify,https://open.spotify.com/user/spotify
https://open.spotify.com/playlist/37i9dQZF1DX8fxXxctv5B2,Coastal Drive,"180,809 saves",Spotify,https://open.spotify.com/user/spotify
https://open.spotify.com/playlist/4w548JFmkGDLqoQLLijP1E,too sweet by hozier vibes ‚òïÔ∏è,"20,471 saves",Gianni Bee,https://open.spotify.com/user/2164ztlgjllgaudces6esmh5a
https://open.spotify.com/playlist/37i9dQZF1DX5lDysu4GbKR,Acoustic Soul,"602,659 saves",Spotify,https://open.spotify.com/user/spotify
https://open.spotify.com/playlist/1NwGmPWarNaAvpIGH79Kfr,that girl 2024ü´ßüéÄüßòüèº‚Äç‚ôÄÔ∏è,"36,947 saves",lyds,https://open.spotify.com/user/lydiawilson1818
https://open.spotify.com/playlist/37i9dQZF1DX7QC1DnNqj3m,Sweet Soul Sunday,"527,936 saves",Spotify,https://open.spotify.com/user/spotify
https://open.spotify.com/playlist/37i9dQZF1DX7sHfsYE2VI7,Chill Dance Classics,"58,832 saves",Spotify,https://open.spotify.com/user/spotify
https://open.spotify.com/playlist/5m6QivPVCbicHqmDKcwryf,NEO:SOUL OASIS‚ú®ü™¥,"32,846 saves",Elsie not Elise,https://open.spotify.com/user/kutilerie
https://open.spotify.com/playlist/37i9dQZF1DZ06evO02u27n,This Is Michael Kiwanuka,"165,703 saves",Spotify,https://open.spotify.com/user/spotify
https://open.spotify.com/playlist/37i9dQZF1DXdEZt3tTR001,floating,"178,796 saves",Spotify,https://open.spotify.com/user/spotify
https://open.spotify.com/playlist/6yBLpfnHQJv4bBdysGODfA,SOHO HOUSE : MORNING,"9,934 saves",Soho House,https://open.spotify.com/user/sohohouse1995
https://open.spotify.com/playlist/37i9dQZF1DX62Nfha2yFhL,Soul Lounge,"910,054 saves",Spotify,https://open.spotify.com/user/spotify
https://open.spotify.com/playlist/37i9dQZF1DX1dCB1tRLrgB,Dinner Mood,"81,604 saves",Spotify,https://open.spotify.com/user/spotify
https://open.spotify.com/playlist/4UzcSuzxBEQ63lYvVS9tvB,SOHO HOUSE : NOON,"7,704 saves",Soho House,https://open.spotify.com/user/sohohouse1995
https://open.spotify.com/playlist/37i9dQZF1DX9VQGDONS7Zo,Bitter Sweet Indie,"42,654 saves",Spotify,https://open.spotify.com/user/spotify
https://open.spotify.com/playlist/37i9dQZF1DX84lm9VKJ19V,Flume's track IDs,"87,063 saves",Spotify,https://open.spotify.com/user/spotify
https://open.spotify.com/playlist/5bpo5osdXfzDSZdpQNinFU,Wildfires ‚Äì SAULT,"1,966 saves",aylinkav,https://open.spotify.com/user/aylinkav
https://open.spotify.com/playlist/1WacJQMiiLJirin6mBLSyz,soft feminine energy üíïüå∑üéÄ,"26,178 saves",Mona,https://open.spotify.com/user/31qd253wsgbm6mv442lxcaosc76i
https://open.spotify.com/playlist/3AEu6RG7j8dpcbe59obAxj,sade girls only,"22,399 saves",komal,https://open.spotify.com/user/es1z3mynmv8ck9ozqub5rkm6b
https://open.spotify.com/playlist/37i9dQZF1DX18m1EYRUeh9,Rarities,"76,801 saves",Spotify,https://open.spotify.com/user/spotify
https://open.spotify.com/playlist/6rROKUewTqgd4Q8URc2rOB,The Best Of The 1975,"29,594 saves",Ben Robinson,https://open.spotify.com/user/21gqlok2h7nlqbp2hmu6qq7oy
https://open.spotify.com/playlist/2ggitti6kPhCgALkzhFe9V,The 1975: At Their Very Best,"187,438 saves",The 1975,https://open.spotify.com/user/the1975official
https://open.spotify.com/playlist/37i9dQZF1DX8Yh4s5ZlkHg,sexy indie,"292,997 saves",Spotify,https://open.spotify.com/user/spotify
https://open.spotify.com/playlist/2nzVCXza1cHdl0jk7vmdNQ,tiktok music - tiktok hits 2024,"107,580 saves",silva,https://open.spotify.com/user/62wzf85cq4gbj86et0m44dn0l
https://open.spotify.com/playlist/1YL12inP9LFSzPzfE8asHs,The 1975 (ALL SONGS),"20,653 saves",israeln89,https://open.spotify.com/user/israeln89
https://open.spotify.com/playlist/3CtvjBiuINIH1HARTEX6iZ,Playlist Gantengüòéüé∏,"68,332 saves",Farhan,https://open.spotify.com/user/31nlest2s6f7aigklg5qfmm6mhyu
https://open.spotify.com/playlist/5HYcN0QtDIinELcTIDKJqQ,the 1975 but you are in love,"8,238 saves",laura florean,https://open.spotify.com/user/vlt99b9r5etd1ukruwfxl7g1n
https://open.spotify.com/playlist/3mt7YKTwDZI4xoehun3uFQ,pov: breakdown malala pota,"146,797 saves",riri,https://open.spotify.com/user/22epnxi7s67nyxmdsrnivcpqy
https://open.spotify.com/playlist/1I1B7niPRbABeCmYTUr6cB,about you by the 1975 vibes,"96,319 saves",ìÜ©‚ô°ìÜ™,https://open.spotify.com/user/11146329490
https://open.spotify.com/playlist/3yu993u6IZwuE2kUphZoZt,para dormir m√°s agusto que un marihuano y so√±ar bonito,"33,068 saves",Degollamee,https://open.spotify.com/user/12136712682
https://open.spotify.com/playlist/5wgk5n5lzNnrILzRLQAjaM,3726 mdpl,"7,608 saves",zexgfrela,https://open.spotify.com/user/z0mu7bptr7gvsgeeo0a0vwcjw
https://open.spotify.com/playlist/4Eaqv2ZjzoQmG0myohWtYi,songs that feel like fall üçÇ,"20,587 saves",danielle,https://open.spotify.com/user/danielle.rosselli
https://open.spotify.com/playlist/5FLQwY1dXZlmgzGrxhlgsI,is it casual NOW?,"24,955 saves",hayden,https://open.spotify.com/user/kaylin_thompson
https://open.spotify.com/playlist/0VTTnJgEPcBYWKddDZ7iwo,pampaantok kapag matutulog nako,"39,388 saves",irxee.,https://open.spotify.com/user/nj1ia2gv4ccv5f6n3lqu6d71f
https://open.spotify.com/playlist/1V4QL33vsALvljElabTpxq,Early Morning Playlist ‚ú®Ô∏èüå∑,"10,963 saves",Kristyy~,https://open.spotify.com/user/31adkhghoykrtlmcme2jjdrlq4wy
https://open.spotify.com/playlist/5hOH3HcnQon0lWreL9Tfwx,NANGIS AMPE MATA BENGKAK üò≠,"225,608 saves",@radionangis,https://open.spotify.com/user/31vitks5btv53w6tfu23bocixkm4
https://open.spotify.com/playlist/1KNXViwIUuEnALLR9iSBFu,The 1975 - 2024 Tour Setlist,"29,768 saves",ryan_conlon17,https://open.spotify.com/user/ryan_conlon17
https://open.spotify.com/playlist/37i9dQZF1DX26DKvjp0s9M,Essential Indie,"983,532 saves",Spotify,https://open.spotify.com/user/spotify
https://open.spotify.com/playlist/5DZ3eCEppgPdCa2xzZldDO,fall in love eraaa >>>üíìü§¶ü´Çü§Øü•∞üå∑üòªüíòü§ïüë©‚Äç‚ù§Ô∏è‚Äçüë®,"28,797 saves",31jmurkfnolgzhsk6mdhe4ge5t6a,https://open.spotify.com/user/31jmurkfnolgzhsk6mdhe4ge5t6a
https://open.spotify.com/playlist/6eaqDVc9ikOvOvXRhgZ08V,comfy autumn playlist üéßüçÇ,"20,130 saves",cloud Àö. ·µé·µé üçì,https://open.spotify.com/user/up3elfh4u1q5whlpemohg2b5i
https://open.spotify.com/playlist/37i9dQZF1DX2DKrE9X6Abv,end credits,"758,257 saves",Spotify,https://open.spotify.com/user/spotify
https://open.spotify.com/playlist/4Odf5NhM33TX911bZGbNbL,canciones para llorar y deprimirte hasta dormirte :(,"105,929 saves",nai.camss ‚òÜ,https://open.spotify.com/user/3odb7ox244ubsfdpniskhs79a
https://open.spotify.com/playlist/1peeNwvoRuqre9rLsojgOX,THE 1975 COMPLETE,"2,138 saves",yn,https://open.spotify.com/user/lwu8kerkww8ppivrrkmlfyrfj
https://open.spotify.com/playlist/37i9dQZF1DXbO6rt3GhXDY,Indie Pop Hits,"149,199 saves",Spotify,https://open.spotify.com/user/spotify
https://open.spotify.com/playlist/2vWePca8eEu5LhzG1kkJM6,Living in a 2000s rom com,"161,946 saves",kenzskinner,https://open.spotify.com/user/54lmrfdhfmeywjunvcbfzmvik
https://open.spotify.com/playlist/37i9dQZF1DXcsT4WKI8W8r,Music for a Workday,"312,123 saves",Spotify,https://open.spotify.com/user/spotify
https://open.spotify.com/playlist/37i9dQZF1DWWbVYL1LBbVy,10 Years of Heartache,"808,464 saves",Spotify,https://open.spotify.com/user/spotify
https://open.spotify.com/playlist/40uIwA04SQ2fIQZc3x2Egr,The 1975 sad/slow songs,"1,852 saves",kay,https://open.spotify.com/user/1qd43sz4yrgpc234o7q53phv1
https://open.spotify.com/playlist/1wGvZaCEXwHLgYY5umo3XR,The 1975 setlist 2024 ‚éï,"8,305 saves",Rayanne2102,https://open.spotify.com/user/ob3ay7gezy5ivtup38t4tg8kr
https://open.spotify.com/playlist/6fCcvvd02htRvdNrnTfhIG,butterfly era ü¶ãüíçüíóüíêüíÉ,"43,272 saves",nia,https://open.spotify.com/user/31nflbhb6n7xpykdmtkrv5mqpcea
https://open.spotify.com/playlist/2JtMCwq7aSoxf4EACEqZL9,LAGU INGGRIS SAD VIBESü§ç‚ú®,"76,017 saves",Playlst Recordings,https://open.spotify.com/user/31ytfhkn5yyfcm2n7ashbzapfh64
https://open.spotify.com/playlist/37i9dQZF1DWVTfbQdQ8l7H,10s Love Songs,"594,975 saves",Spotify,https://open.spotify.com/user/spotify
https://open.spotify.com/playlist/37i9dQZF1DX4gWghK0svuI,Cottage Days,"45,909 saves",Spotify,https://open.spotify.com/user/spotify
https://open.spotify.com/playlist/37i9dQZF1DX9B1hu73DioC,Indie Chillout,"837,996 saves",Spotify,https://open.spotify.com/user/spotify
https://open.spotify.com/playlist/63eNRyVfTEGjGDmMkvuSpl,Discover Daily,"11,160 saves",Max Lythgoe,https://open.spotify.com/user/12184401388
https://open.spotify.com/playlist/37i9dQZF1DX6uhsAfngvaD,Dreampop,"310,634 saves",Spotify,https://open.spotify.com/user/spotify
https://open.spotify.com/playlist/37i9dQZF1DX4HvY8T59VN2,Chilled Indie,"73,585 saves",Spotify,https://open.spotify.com/user/spotify
https://open.spotify.com/playlist/0OUn84QARCLRe9xyUHjIBh,"Autumn/Fall Indie üçÇ | alexrainbirdMusic (Folk, Pop, Acoustic)","18,799 saves",alexrainbirdMusic,https://open.spotify.com/user/alxrnbrdmusic
https://open.spotify.com/playlist/37i9dQZF1DX0x36cwEyOTG,Peaceful Ambient Indie,"425,289 saves",Spotify,https://open.spotify.com/user/spotify
https://open.spotify.com/playlist/07jdYS2Ayoyq0fqcgmAvcZ,Indie / Folk,"7,868 saves",Penny King,https://open.spotify.com/user/317n2bzgfhfza2z6cf67vhrqj7oe
https://open.spotify.com/playlist/5VS822gRfPM26j4CPZ4m1R,Nice Guys | 24/7 Radio,"17,176 saves",Nice Guys,https://open.spotify.com/user/vns8t2j9vmjlada5b8ximt9jc
https://open.spotify.com/playlist/1DzxqxWb84ci6bgGfLMZ2L,Indie/Indie-Folk Compilation - Autumn/Fall 2021 üçÇ (alexrainbirdMusic),"2,686 saves",alexrainbirdMusic,https://open.spotify.com/user/alxrnbrdmusic
https://open.spotify.com/playlist/37i9dQZF1DXbZndSu0dHeI,The Lovely Little Playlist,"226,310 saves",Spotify,https://open.spotify.com/user/spotify
https://open.spotify.com/playlist/4Riw4GkO8nxyzUiMpcwTSI,dream pop,"3,183 saves",Jeny,https://open.spotify.com/user/31y2ij6blymqvyzsfegfyyu74l4y
https://open.spotify.com/playlist/7nVK6tTGnA84DPBhco5YJO,COSY INDIE,"10,732 saves",RHYTHM REVOLUTION,https://open.spotify.com/user/31b4p4ce2oufklegddn63mw3ksyq
https://open.spotify.com/playlist/5Egy2rAOj9vmzxg3WsyUXC,indie chill time,"5,951 saves",take it easy,https://open.spotify.com/user/31lkjdo4f5qcmikzkr77poixe6hm
https://open.spotify.com/playlist/5urJZrPLwXvHY77AeQqi4L,rory gilmore core,"3,963 saves",caroline smith,https://open.spotify.com/user/ffalupv71ffirloppo3y1az3j
https://open.spotify.com/playlist/25i3fNdAop4oZvJWRkkgip,dakotaz jaMz,"14,860 saves",Dakotaz,https://open.spotify.com/user/brettsoft
https://open.spotify.com/playlist/6NEOoFfEGDNQetYBwMEf52,Spacey Slow Psychedelic,"1,398 saves",Joel Craven,https://open.spotify.com/user/jcrav32
https://open.spotify.com/playlist/33qv6FVZ5a4iuyFgjVTQNx,Indie Hits,"15,073 saves",you do you,https://open.spotify.com/user/sqaxo10bb1ydly83q5hx9e9js
https://open.spotify.com/playlist/37i9dQZF1DWXOVaQoSQKTV,Never Have I Ever Official Playlist,"106,505 saves",Spotify,https://open.spotify.com/user/spotify
https://open.spotify.com/playlist/37i9dQZF1DX2PfO7FL9zWG,Folk Favourites,"70,393 saves",Spotify,https://open.spotify.com/user/spotify
https://open.spotify.com/playlist/7Mfqk1fr8XeaK3zYbSG3ay,Indie Alternative l Nice Guys,"65,084 saves",Nice Guys,https://open.spotify.com/user/vns8t2j9vmjlada5b8ximt9jc
https://open.spotify.com/playlist/49I1wrkyFCrLPYhAIjbKjZ,Indie Flow,"27,109 saves",Gobi Desert Collective,https://open.spotify.com/user/7sj8zj2mq41yrtbqxl71ysrb5
https://open.spotify.com/playlist/37i9dQZF1DX915ogFalrko,D√Æner entre amis,"170,132 saves",Spotify,https://open.spotify.com/user/spotify
https://open.spotify.com/playlist/0oD5aLzUQiIomu805F3xDH,Dreampop & Shoegaze,"22,577 saves""url,playlistName,saves
https://open.spotify.com/playlist/37i9dQZF1DWYzpSJHStHHx,Surf Rock Sunshine,""487,105 saves",caden.shortridge,https://open.spotify.com/user/caden.shortridge
https://open.spotify.com/playlist/37i9dQZF1DX9B1hu73DioC,Indie Chillout,"837,997 saves",Spotify,https://open.spotify.com/user/spotify
https://open.spotify.com/playlist/3BsUsrJEN3YS787neQ5UT4,Indie Chill,"31,381 saves",Virtue Playlists,https://open.spotify.com/user/3177hmrdfae4aozkha7p3quyyh34
https://open.spotify.com/playlist/2o6w8x4BtnIoHIMJdXcJpe,GO ONE MOREüî•,"5,854 saves","Robert D. McBane, MBA, CCRP, CDA",https://open.spotify.com/user/12186541891
https://open.spotify.com/playlist/37i9dQZF1DX4JPdPsQxLCG,Long Drives,"97,030 saves",Spotify,https://open.spotify.com/user/spotify
https://open.spotify.com/playlist/37i9dQZF1DX0CIO5EOSHeD,Lofi Indie,"498,869 saves",Spotify,https://open.spotify.com/user/spotify
https://open.spotify.com/playlist/25i3fNdAop4oZvJWRkkgip,dakotaz jaMz,"14,860 saves",Dakotaz,https://open.spotify.com/user/brettsoft
https://open.spotify.com/playlist/3Giy8PjNzNYLkfWQZIIiaI,CariCakes üå∏üåºüå∫,"2,057 saves",Daniel Woon,https://open.spotify.com/user/12125043684
https://open.spotify.com/playlist/4Riw4GkO8nxyzUiMpcwTSI,dream pop,"3,183 saves",Jeny,https://open.spotify.com/user/31y2ij6blymqvyzsfegfyyu74l4y
https://open.spotify.com/playlist/7CaCzCKjXL9j4z6DMwu6kL,actual underground indie jams,"10,129 saves",emi ‚òÆÔ∏é,https://open.spotify.com/user/emily.x15
https://open.spotify.com/playlist/0x6vJmUVpn53FNVvpwtCmA,cool girl on aux,"7,488 saves",carly b üéß hahakcoolgtgbye,https://open.spotify.com/user/carlybogie
https://open.spotify.com/playlist/2vcVtkV350yVNphBeH9FTT,davidsjones | Songs In My Vids 2020,"2,353 saves",David Jones,https://open.spotify.com/user/12130171950
https://open.spotify.com/playlist/1Ikadbnn3VsaUf7J88CiBb,California Dreamy Indie Surf & Retro Beach Vibes,"3,686 saves",Sabine Kamphuis,https://open.spotify.com/user/11102525058
https://open.spotify.com/playlist/3lNsYtpOiEtf9jXA7LtW93,Sean Diaz‚Äôs Official Personal Playlist (Life Is Strange 2),"2,276 saves",Yasmine Penna,https://open.spotify.com/user/1246259773
https://open.spotify.com/playlist/51rZ4Mf9G2mw6Vaux8sxQb,alexrainbirdMusic 2024,"17,713 saves",alexrainbirdMusic,https://open.spotify.com/user/alxrnbrdmusic
https://open.spotify.com/playlist/37i9dQZF1DZ06evO0skD9m,This Is MGMT,"105,541 saves",Spotify,https://open.spotify.com/user/spotify
https://open.spotify.com/playlist/2VdPwVMqEGb6dwQVRlC88L,White girl bangers üíÉüíÖüï∫üí¶ü™©üíÑ,"98,186 saves",Fake Lenny,https://open.spotify.com/user/a82mb2vilkl9gdit0djha60qd
https://open.spotify.com/playlist/37i9dQZF1DX9LbdoYID5v7,The 2000s Indie Scene,"499,916 saves",Spotify,https://open.spotify.com/user/spotify
https://open.spotify.com/playlist/37i9dQZF1DXb9izPIc0SCS,Indie Rock Hits,"694,439 saves",Spotify,https://open.spotify.com/user/spotify
https://open.spotify.com/playlist/37i9dQZF1DWWmsWPbM2pKT,Darkwave,"358,079 saves",Spotify,https://open.spotify.com/user/spotify
https://open.spotify.com/playlist/37i9dQZF1DWVsh2vXzlKFb,Summer Indie,"564,583 saves",Spotify,https://open.spotify.com/user/spotify
https://open.spotify.com/playlist/37i9dQZF1DX5DYkVgiO6RF,Night Drive,"467,533 saves",Spotify,https://open.spotify.com/user/spotify
https://open.spotify.com/playlist/37i9dQZF1DWXeOurMWUII5,2000er Hits,"779,306 saves",Spotify,https://open.spotify.com/user/spotify
https://open.spotify.com/playlist/37i9dQZF1DX1S89tRXh2OS,Sur la route,"468,326 saves",Spotify,https://open.spotify.com/user/spotify
https://open.spotify.com/playlist/37i9dQZF1DX0YKekzl0blG,Alternative 00s,"710,281 saves",Spotify,https://open.spotify.com/user/spotify
https://open.spotify.com/playlist/6QYQQWUQ14VxtOyju93Hn6,OLD SUMMER VIBES üåÖ,"165,736 saves",JoMann,https://open.spotify.com/user/xwy6x5qebzkrt6rk9s65lfls1
https://open.spotify.com/playlist/37i9dQZF1DWVmFSstZWJmo,Indie Sleaze,"166,406 saves",Spotify,https://open.spotify.com/user/spotify
https://open.spotify.com/playlist/37i9dQZF1DX9GRpeH4CL0S,Essential Alternative,"749,797 saves",Spotify,https://open.spotify.com/user/spotify
https://open.spotify.com/playlist/4RRqG3hqSpBuhmFBE17rP7,CLEAN SUMMER PLAYLIST 2024üçâüê†‚òÄÔ∏èüá∫üá∏üèùÔ∏èüêöüòéüëôüõü,"29,814 saves",Katie,https://open.spotify.com/user/drummondkatie-us
https://open.spotify.com/playlist/37i9dQZF1DWTUoU0bd0p84,Summer Hits of the 00s,"385,355 saves",Spotify,https://open.spotify.com/user/spotify
https://open.spotify.com/playlist/37i9dQZF1DWSwyaV6GLT48,summer songs,"104,821 saves",Spotify,https://open.spotify.com/user/spotify
https://open.spotify.com/playlist/69iMzXWIJDSEMrCqgBq7nr,Indie Rock Hits üé∏,"254,018 saves",oceanify,https://open.spotify.com/user/m91zhgclzoujm5x6i1ods2wsu
https://open.spotify.com/playlist/7GLUzbIwVGzQncTELBnmE6,2000s Rock Bangers,"105,479 saves",Alex Dub√©,https://open.spotify.com/user/adube2121
https://open.spotify.com/playlist/37i9dQZF1DX3asLxmR3A9e,Best of Indie 2014,"79,309 saves",Spotify,https://open.spotify.com/user/spotify
https://open.spotify.com/playlist/4y85MI3qRoui5GPSHWl8Op,FIFA Bangers - Best Of All Time,"123,109 saves",Happy Vibes,https://open.spotify.com/user/9saqdc9ax0rehxsiyhydswftg
https://open.spotify.com/playlist/10B6zySvb25USKTcxjcKB1,HALLOWEEN VIBES üçÇ SPOOKY INDIE FALL,"172,046 saves",Filtr US,https://open.spotify.com/user/myplay.com
https://open.spotify.com/playlist/37i9dQZF1DWTjn0sIjPI7h,Festival Anthems,"60,275 saves",Spotify,https://open.spotify.com/user/spotify
https://open.spotify.com/playlist/37i9dQZF1DX26DKvjp0s9M,Essential Indie,"983,533 saves",Spotify,https://open.spotify.com/user/spotify
https://open.spotify.com/playlist/6j4w1woXd7xzGCNQoKrpY9,2000s Pop Hit Throwback,"145,919 saves",Jackhlee,https://open.spotify.com/user/jackhlee
https://open.spotify.com/playlist/37i9dQZF1DWULq23fLWDsl,Best of Indie 2010,"279,747 saves",Spotify,https://open.spotify.com/user/spotify
https://open.spotify.com/playlist/7oyXbjMYjGdq2ilcsQt94P,GOSSIP GIRL SOUNDTRACK,"503,203 saves",Oli.R,https://open.spotify.com/user/p9j08ntu7nht8l3uihibc1ac6
https://open.spotify.com/playlist/0x1JwnJC2VlsXSZs87F6TZ,Sommer Hits 2024 üåû Summer 2024 üå¥,"23,129 saves",Filtr Germany,https://open.spotify.com/user/playlists.germany
https://open.spotify.com/playlist/4STbYLlbXgAHGLAvG63plm,BEST RUNNING PLAYLIST ‚≠êÔ∏è,"45,649 saves",TORYDODD,https://open.spotify.com/user/helenalfrick
https://open.spotify.com/playlist/37i9dQZF1DWYJeWl6ior4d,Indie Klassiker,"328,298 saves",Spotify,https://open.spotify.com/user/spotify
https://open.spotify.com/playlist/37i9dQZF1DX9vEn8vBG5Y1,00s Pop Rock,"200,494 saves",Spotify,https://open.spotify.com/user/spotify
https://open.spotify.com/playlist/004dqYVVhtQE3YcHUAH2DS,*‡≥É‡ºÑ autumnüçÇ‚òïÔ∏èüïØÔ∏è,"72,168 saves",Eve ‚òÖ,https://open.spotify.com/user/iwhiycrk5dsbqg2ikb32qaegr
https://open.spotify.com/playlist/37i9dQZF1DX6KOz8PNkOlS,Soft Office,"472,537 saves",Spotify,https://open.spotify.com/user/spotify
https://open.spotify.com/playlist/37i9dQZF1DX8Yh4s5ZlkHg,sexy indie,"293,183 saves",Spotify,https://open.spotify.com/user/spotify
https://open.spotify.com/playlist/37i9dQZF1DXbm6HfkbMtFZ,Feel Good Dinner,"727,448 saves",Spotify,https://open.spotify.com/user/spotify
https://open.spotify.com/playlist/37i9dQZF1DX2ogDiL6nZJr,Van Life,"801,601 saves",Spotify,https://open.spotify.com/user/spotify
https://open.spotify.com/playlist/37i9dQZF1DX2UQ1I1FrJsu,Wine Bar,"80,987 saves",Spotify,https://open.spotify.com/user/spotify
https://open.spotify.com/playlist/37i9dQZF1DWYRdd9noPgqB,Feel Good,"291,437 saves",Spotify,https://open.spotify.com/user/spotify
https://open.spotify.com/playlist/37i9dQZF1DX915ogFalrko,D√Æner entre amis,"170,131 saves",Spotify,https://open.spotify.com/user/spotify
https://open.spotify.com/playlist/37i9dQZF1DX2yvmlOdMYzV,Lowkey,"943,927 saves",Spotify,https://open.spotify.com/user/spotify
https://open.spotify.com/playlist/73zuifQrlAAPRwO9X8BGit,Best of Cleo Solüåª,"4,320 saves",Naomichisom,https://open.spotify.com/user/nu5tpuf29o3ns8fs3nchphi14
https://open.spotify.com/playlist/37i9dQZF1DX6AWGsjpYHPA,Turntable,"153,988 saves",Spotify,https://open.spotify.com/user/spotify
https://open.spotify.com/playlist/37i9dQZF1DX4HvY8T59VN2,Chilled Indie,"73,585 saves",Spotify,https://open.spotify.com/user/spotify
https://open.spotify.com/playlist/37i9dQZF1DXcy0AaElSqwE,Arkada √áalsƒ±n,"542,893 saves",Spotify,https://open.spotify.com/user/spotify
https://open.spotify.com/playlist/37i9dQZF1DXaXDsfv6nvZ5,Soul Coffee,"762,088 saves",Spotify,https://open.spotify.com/user/spotify
https://open.spotify.com/playlist/37i9dQZF1DX8fxXxctv5B2,Coastal Drive,"180,809 saves",Spotify,https://open.spotify.com/user/spotify
https://open.spotify.com/playlist/4w548JFmkGDLqoQLLijP1E,too sweet by hozier vibes ‚òïÔ∏è,"20,470 saves",Gianni Bee,https://open.spotify.com/user/2164ztlgjllgaudces6esmh5a
https://open.spotify.com/playlist/37i9dQZF1DX5lDysu4GbKR,Acoustic Soul,"602,663 saves",Spotify,https://open.spotify.com/user/spotify
https://open.spotify.com/playlist/1NwGmPWarNaAvpIGH79Kfr,that girl 2024ü´ßüéÄüßòüèº‚Äç‚ôÄÔ∏è,"36,949 saves",lyds,https://open.spotify.com/user/lydiawilson1818
https://open.spotify.com/playlist/37i9dQZF1DX7QC1DnNqj3m,Sweet Soul Sunday,"527,938 saves",Spotify,https://open.spotify.com/user/spotify
https://open.spotify.com/playlist/37i9dQZF1DX7sHfsYE2VI7,Chill Dance Classics,"58,832 saves",Spotify,https://open.spotify.com/user/spotify
https://open.spotify.com/playlist/5m6QivPVCbicHqmDKcwryf,NEO:SOUL OASIS‚ú®ü™¥,"32,847 saves",Elsie not Elise,https://open.spotify.com/user/kutilerie
https://open.spotify.com/playlist/37i9dQZF1DZ06evO02u27n,This Is Michael Kiwanuka,"165,707 saves",Spotify,https://open.spotify.com/user/spotify
https://open.spotify.com/playlist/37i9dQZF1DXdEZt3tTR001,floating,"178,797 saves",Spotify,https://open.spotify.com/user/spotify
https://open.spotify.com/playlist/6yBLpfnHQJv4bBdysGODfA,SOHO HOUSE : MORNING,"9,933 saves",Soho House,https://open.spotify.com/user/sohohouse1995
https://open.spotify.com/playlist/37i9dQZF1DX62Nfha2yFhL,Soul Lounge,"910,053 saves",Spotify,https://open.spotify.com/user/spotify
https://open.spotify.com/playlist/37i9dQZF1DX1dCB1tRLrgB,Dinner Mood,"81,604 saves",Spotify,https://open.spotify.com/user/spotify
https://open.spotify.com/playlist/4UzcSuzxBEQ63lYvVS9tvB,,"7,704 saves",undefined,
https://open.spotify.com/playlist/37i9dQZF1DX9VQGDONS7Zo,Bitter Sweet Indie,"42,654 saves",Spotify,https://open.spotify.com/user/spotify
https://open.spotify.com/playlist/37i9dQZF1DX84lm9VKJ19V,Flume's track IDs,"87,064 saves",Spotify,https://open.spotify.com/user/spotify
https://open.spotify.com/playlist/5bpo5osdXfzDSZdpQNinFU,Wildfires ‚Äì SAULT,"1,966 saves",aylinkav,https://open.spotify.com/user/aylinkav
https://open.spotify.com/playlist/1WacJQMiiLJirin6mBLSyz,soft feminine energy üíïüå∑üéÄ,"26,186 saves",Mona,https://open.spotify.com/user/31qd253wsgbm6mv442lxcaosc76i
https://open.spotify.com/playlist/3AEu6RG7j8dpcbe59obAxj,sade girls only,"22,399 saves",komal,https://open.spotify.com/user/es1z3mynmv8ck9ozqub5rkm6b
https://open.spotify.com/playlist/37i9dQZF1DX18m1EYRUeh9,Rarities,"76,808 saves""url,playlistName,saves
https://open.spotify.com/playlist/37i9dQZF1DXb9izPIc0SCS,Indie Rock Hits,""694,440 saves",Spotify,https://open.spotify.com/user/spotify
https://open.spotify.com/playlist/3zm1edwUQr94IznMv2PXiv,Life is Strange,"85,587 saves",chloe,https://open.spotify.com/user/31hjvse5sy3qeveji4w4ukzq7fda
https://open.spotify.com/playlist/37i9dQZF1DWWM6GBnxtToT,Feelgood Indie,"591,256 saves",Spotify,https://open.spotify.com/user/spotify
https://open.spotify.com/playlist/4LzahGNNNmDE8lORD1ihKC,outer banks summer‚òÄÔ∏è,"135,176 saves",livlove,https://open.spotify.com/user/olove-9
https://open.spotify.com/playlist/37i9dQZF1DWZq91oLsHZvy,Indie Running,"696,883 saves",Spotify,https://open.spotify.com/user/spotify
https://open.spotify.com/playlist/37i9dQZF1DX3asLxmR3A9e,Best of Indie 2014,"79,308 saves",Spotify,https://open.spotify.com/user/spotify
https://open.spotify.com/playlist/37i9dQZF1DX9GRpeH4CL0S,Essential Alternative,"749,797 saves",Spotify,https://open.spotify.com/user/spotify
https://open.spotify.com/playlist/37i9dQZF1DXcy0AaElSqwE,Arkada √áalsƒ±n,"542,893 saves",Spotify,https://open.spotify.com/user/spotify
https://open.spotify.com/playlist/18tP8MPkPje2oqpkAJey19,The Best of alt-J inc The Dream,"17,017 saves",alt-J,https://open.spotify.com/user/altjband
https://open.spotify.com/playlist/4RRqG3hqSpBuhmFBE17rP7,CLEAN SUMMER PLAYLIST 2024üçâüê†‚òÄÔ∏èüá∫üá∏üèùÔ∏èüêöüòéüëôüõü,"29,815 saves",Katie,https://open.spotify.com/user/drummondkatie-us
https://open.spotify.com/playlist/37i9dQZF1DX873GaRGUmPl,Alternative 10s,"903,711 saves",Spotify,https://open.spotify.com/user/spotify
https://open.spotify.com/playlist/4xghADUndpaedE5FtBcQWt,Surfing Summer üåäü§ôüèªüèÑüèΩ‚Äç‚ôÇÔ∏è,"4,907 saves",Chloe Bradbury,https://open.spotify.com/user/chloebradbury04
https://open.spotify.com/playlist/37i9dQZF1DX8fxXxctv5B2,Coastal Drive,"180,809 saves",Spotify,https://open.spotify.com/user/spotify
https://open.spotify.com/playlist/2NlUZSRkrWtmRdu9WSBB1v,Roadtrip Songs 2024 - Driving songs üöé - Travel Songs ‚õ∞Ô∏è,"203,902 saves",Dream Wave Records,https://open.spotify.com/user/31cedke2prvr4f4qsede6bvoidgi
https://open.spotify.com/playlist/37i9dQZF1DX3n9iLlurL09,Best of Indie 2012,"92,546 saves",Spotify,https://open.spotify.com/user/spotify
https://open.spotify.com/playlist/74Cf34ZVKeYeVf2uDkVsta,Van Life Vibes üåÖ üöê üóª,"5,401 saves",SamJG,https://open.spotify.com/user/749eyrvg4h0g8n6qlkh67x6kp
https://open.spotify.com/playlist/37i9dQZF1DWZIQpJDqCc10,Indie Love Songs,"673,817 saves",Spotify,https://open.spotify.com/user/spotify
https://open.spotify.com/playlist/19FqlcUKdHRq2pzYqDr19F,Best Golfing Playlist 2024,"14,761 saves",Derek Maloff,https://open.spotify.com/user/22ff6gvhdten6hhnhmm56shda
https://open.spotify.com/playlist/43gXfjKv0WZwBYM5pYpVq5,POV: Running for your life in a dystopian world,"17,873 saves",I s a b e l l a,https://open.spotify.com/user/f1fvrt9n399ejldziydabl1ip
https://open.spotify.com/playlist/37i9dQZF1DX42c5TkSUfEb,Au calme,"767,969 saves",Spotify,https://open.spotify.com/user/spotify
https://open.spotify.com/playlist/37i9dQZF1DX4WKDmViNbrh,Muzyka do pracy,"83,523 saves",Spotify,https://open.spotify.com/user/spotify
https://open.spotify.com/playlist/5A7iegwux3FneF5TqIXbt2,indie/folk summer,"6,236 saves",Jo Kell,https://open.spotify.com/user/wlbauo3y4l07z7wc9yxfd5fom
https://open.spotify.com/playlist/71vnnbslUNfNBuSrjm9krQ,cozy rainy day vibes,"13,779 saves",Sydney Coley,https://open.spotify.com/user/12169715322
https://open.spotify.com/playlist/59hIeBHppZaaATxsGUNivl,Godinez trabajando sin prestaciones,"5,400 saves",annieguzm√°n,https://open.spotify.com/user/annieguzm%C3%A1n
https://open.spotify.com/playlist/66mGD4oV4i2S4n8icKlNbn,„Çµ„ÉìËÅû„Åë„Å∞„Çè„Åã„ÇãÊúâÂêç„Å™Ê¥ãÊ•Ω,"7,216 saves",Yukka,https://open.spotify.com/user/o8sv739cwbg0xsrg0j6656lvx
https://open.spotify.com/playlist/2xjhiANRVfUwXIOFFYn6YV,Harvey Specter Ultimate Playlist,"35,397 saves""url,playlistName,saves
https://open.spotify.com/playlist/37i9dQZF1DZ06evO4rBISQ,This Is Briston Maroney,""7,911 saves",Charlie Dimaala,https://open.spotify.com/user/22qcadht6d5v3lgjkttqthdvi
https://open.spotify.com/playlist/37i9dQZF1DXa9xHlDa5fc6,License To Chill,"468,196 saves",Spotify,https://open.spotify.com/user/spotify
https://open.spotify.com/playlist/2B9SdK1XUDws0CV4BlF1Dv,crunchy granola girl summer üå∏,"2,268 saves",draya,https://open.spotify.com/user/7vibqajfcsh5nj32kppmkpons
https://open.spotify.com/playlist/37i9dQZF1DX17TxDoLeXxl,Mountain Air,"278,368 saves",Spotify,https://open.spotify.com/user/spotify
https://open.spotify.com/playlist/0gFS9YxMj6gsP9ESwN1OCm,"Cozy, cuddly fall music","17,342 saves",plv2003,https://open.spotify.com/user/plv2003
https://open.spotify.com/playlist/2IbPrDIVfPmxZF6akHnj8R,oat milk lattes in the mountains,"184,631 saves",kasey gelsomino,https://open.spotify.com/user/kngelsomino
https://open.spotify.com/playlist/5A7iegwux3FneF5TqIXbt2,indie/folk summer,"6,236 saves",Jo Kell,https://open.spotify.com/user/wlbauo3y4l07z7wc9yxfd5fom
https://open.spotify.com/playlist/1dgjMxFKYpC0SBeZgrFRiV,Coffee shop playlist‚òïÔ∏èü´∂üèº,"1,368 saves",Julia HF,https://open.spotify.com/user/31k23rwufawcqrgbwsrtjt2irl6u
https://open.spotify.com/playlist/7HfVGMr4Z9bl57fPkIHoW7,summer bike rides,"9,897 saves",katrina stack,https://open.spotify.com/user/6r2vs500ux99smhjkdnu6r3g8
https://open.spotify.com/playlist/72UpcyXcg5rE9eCHZxCTjR,backseat lovers kinda vibe,"3,569 saves",lauren,https://open.spotify.com/user/m2jxr0f6zkbr9shqcxamzy4dj
https://open.spotify.com/playlist/3zhDDZC9LFY2LR7HzK9k1d,end of beginning vibes,"26,480 saves",Sam Allbee,https://open.spotify.com/user/samallbee3
https://open.spotify.com/playlist/35q6OCUwWBGov2aez8dCDN,songs like Sailor Song by Gigi Perez,"5,302 saves",giulia,https://open.spotify.com/user/sm5j7p9wt5zmey4saxiei5g6h
https://open.spotify.com/playlist/37i9dQZF1DXcgZcN2HVMoe,Morning Coffee,"341,247 saves",Spotify,https://open.spotify.com/user/spotify
https://open.spotify.com/playlist/37i9dQZF1DXcbAIldMQMIs,text me back,"535,991 saves",Spotify,https://open.spotify.com/user/spotify
https://open.spotify.com/playlist/2ClHLb06JWQp2yvMR7qiKk,driving through the mountains üèî,"7,413 saves",madie.sorensen,https://open.spotify.com/user/madie.sorensen
https://open.spotify.com/playlist/6cSoWSmosvgHuvJkIxwicE,Briston Maroney: Discography,"5,675 saves",Briston Lee Maroney,https://open.spotify.com/user/1216178751
https://open.spotify.com/playlist/37i9dQZF1DWVOwpsn6QxFY,Garden Indie,"148,258 saves",Spotify,https://open.spotify.com/user/spotify
https://open.spotify.com/playlist/5Pyu5hJTkAkf4ZDqDQcSJ7,the most perfect songs ever made,"9,812 saves",allisonslater23,https://open.spotify.com/user/allisonslater23
https://open.spotify.com/playlist/0qYAqOsMGJPntjVEKV5WOF,indie rock üé∏üå±,"63,741 saves",nateccc321,https://open.spotify.com/user/nateccc321
https://open.spotify.com/playlist/1QjBxDQwuKCNrYqVplQMJm,rainy summer days,"1,128 saves",angelina :),https://open.spotify.com/user/torresangelina417
https://open.spotify.com/playlist/2NjcocrUZCh2il9A2q2wMZ,songs that feel like summer,"46,219 saves",mariannazegel,https://open.spotify.com/user/tyclivnsx4jc3c3zp73k2t4u1
https://open.spotify.com/playlist/50Tw4A06S6mtN7hlT3QRFl,comfy indie folk fall,"6,523 saves",Lüñ§,https://open.spotify.com/user/v6s8zppte36dyelfpu3fobqyo
https://open.spotify.com/playlist/2J3BO45KGDRYDHlHisBjjj,hot electric guitar songsüòªü´¢,"14,280 saves",kady,https://open.spotify.com/user/sq44l870eytb7jyxtfzn0amb5
https://open.spotify.com/playlist/7mpMDTg0JEMAAbdoRewUF6,cozy cooking dinner vibes,"2,517 saves",Natalie Westcott,https://open.spotify.com/user/natalieawestcott
https://open.spotify.com/playlist/4JLc1vzyIZ0QQhG06ukQrL,kilby girl energy,"19,727 saves",michellevo_,https://open.spotify.com/user/___michelle.
https://open.spotify.com/playlist/21BtVz5wslhKzONyXiv8UG,Bob Marley type summer,"7,489 saves",üèçÔ∏è,https://open.spotify.com/user/31fhheyzmjq45nzqzgofa56fhb2a
https://open.spotify.com/playlist/2BcGLYRl9OSM2LyVTS4FO3,something in the orange,"10,409 saves""url,playlistName,saves
https://open.spotify.com/playlist/37i9dQZF1DZ06evO4rBISQ,This Is Briston Maroney,""7,911 saves",pelox0318,https://open.spotify.com/user/22qmhfpsvo53a3au6dkgf35jy
https://open.spotify.com/playlist/37i9dQZF1DXa9xHlDa5fc6,License To Chill,"468,196 saves",Spotify,https://open.spotify.com/user/spotify
https://open.spotify.com/playlist/2B9SdK1XUDws0CV4BlF1Dv,crunchy granola girl summer üå∏,"2,268 saves",draya,https://open.spotify.com/user/7vibqajfcsh5nj32kppmkpons
https://open.spotify.com/playlist/37i9dQZF1DX17TxDoLeXxl,Mountain Air,"278,368 saves",Spotify,https://open.spotify.com/user/spotify
https://open.spotify.com/playlist/0gFS9YxMj6gsP9ESwN1OCm,"Cozy, cuddly fall music","17,342 saves",plv2003,https://open.spotify.com/user/plv2003
https://open.spotify.com/playlist/2IbPrDIVfPmxZF6akHnj8R,oat milk lattes in the mountains,"184,631 saves",kasey gelsomino,https://open.spotify.com/user/kngelsomino
https://open.spotify.com/playlist/5A7iegwux3FneF5TqIXbt2,indie/folk summer,"6,236 saves",Jo Kell,https://open.spotify.com/user/wlbauo3y4l07z7wc9yxfd5fom
https://open.spotify.com/playlist/1dgjMxFKYpC0SBeZgrFRiV,Coffee shop playlist‚òïÔ∏èü´∂üèº,"1,368 saves",Julia HF,https://open.spotify.com/user/31k23rwufawcqrgbwsrtjt2irl6u
https://open.spotify.com/playlist/7HfVGMr4Z9bl57fPkIHoW7,summer bike rides,"9,897 saves",katrina stack,https://open.spotify.com/user/6r2vs500ux99smhjkdnu6r3g8
https://open.spotify.com/playlist/72UpcyXcg5rE9eCHZxCTjR,backseat lovers kinda vibe,"3,569 saves",lauren,https://open.spotify.com/user/m2jxr0f6zkbr9shqcxamzy4dj
https://open.spotify.com/playlist/3zhDDZC9LFY2LR7HzK9k1d,end of beginning vibes,"26,480 saves",Sam Allbee,https://open.spotify.com/user/samallbee3
https://open.spotify.com/playlist/35q6OCUwWBGov2aez8dCDN,songs like Sailor Song by Gigi Perez,"5,305 saves",giulia,https://open.spotify.com/user/sm5j7p9wt5zmey4saxiei5g6h
https://open.spotify.com/playlist/37i9dQZF1DXcgZcN2HVMoe,Morning Coffee,"341,247 saves",Spotify,https://open.spotify.com/user/spotify
https://open.spotify.com/playlist/37i9dQZF1DXcbAIldMQMIs,text me back,"535,992 saves",Spotify,https://open.spotify.com/user/spotify
https://open.spotify.com/playlist/2ClHLb06JWQp2yvMR7qiKk,driving through the mountains üèî,"7,415 saves",madie.sorensen,https://open.spotify.com/user/madie.sorensen
https://open.spotify.com/playlist/6cSoWSmosvgHuvJkIxwicE,Briston Maroney: Discography,"5,675 saves",Briston Lee Maroney,https://open.spotify.com/user/1216178751
https://open.spotify.com/playlist/37i9dQZF1DWVOwpsn6QxFY,Garden Indie,"148,259 saves",Spotify,https://open.spotify.com/user/spotify
https://open.spotify.com/playlist/5Pyu5hJTkAkf4ZDqDQcSJ7,the most perfect songs ever made,"9,812 saves",allisonslater23,https://open.spotify.com/user/allisonslater23
https://open.spotify.com/playlist/0qYAqOsMGJPntjVEKV5WOF,indie rock üé∏üå±,"63,741 saves",nateccc321,https://open.spotify.com/user/nateccc321
https://open.spotify.com/playlist/1QjBxDQwuKCNrYqVplQMJm,rainy summer days,"1,128 saves",angelina :),https://open.spotify.com/user/torresangelina417
https://open.spotify.com/playlist/2NjcocrUZCh2il9A2q2wMZ,songs that feel like summer,"46,219 saves",mariannazegel,https://open.spotify.com/user/tyclivnsx4jc3c3zp73k2t4u1
https://open.spotify.com/playlist/50Tw4A06S6mtN7hlT3QRFl,comfy indie folk fall,"6,523 saves",Lüñ§,https://open.spotify.com/user/v6s8zppte36dyelfpu3fobqyo
https://open.spotify.com/playlist/2J3BO45KGDRYDHlHisBjjj,hot electric guitar songsüòªü´¢,"14,280 saves",kady,https://open.spotify.com/user/sq44l870eytb7jyxtfzn0amb5
https://open.spotify.com/playlist/7mpMDTg0JEMAAbdoRewUF6,cozy cooking dinner vibes,"2,517 saves",Natalie Westcott,https://open.spotify.com/user/natalieawestcott
https://open.spotify.com/playlist/4JLc1vzyIZ0QQhG06ukQrL,kilby girl energy,"19,727 saves",michellevo_,https://open.spotify.com/user/___michelle.
https://open.spotify.com/playlist/21BtVz5wslhKzONyXiv8UG,Bob Marley type summer,"7,489 saves",üèçÔ∏è,https://open.spotify.com/user/31fhheyzmjq45nzqzgofa56fhb2a
https://open.spotify.com/playlist/2BcGLYRl9OSM2LyVTS4FO3,something in the orange,"10,409 saves",pelox0318,https://open.spotify.com/user/22qmhfpsvo53a3au6dkgf35jy